user_id,screen_name,followers_count,followees_count,firsttweettime,statuses_count,retweets_count,replies_count,links_count,favorites_count,text_median_length,url
12,jack,4151318,3262,2017-07-03 22:58:06,832,378,667,380,20256,40,0
13,biz,3020210,954,2017-07-02 02:51:27,530,104,350,312,4844,87,1
989,om,1528325,1322,2017-07-01 16:38:21,1697,419,1171,959,38989,91,1
1081,davemcclure,366649,17677,2017-07-01 23:44:15,1391,1317,1359,921,41089,80,0
3839,davewiner,69405,3998,2017-12-18 03:38:46,3362,938,1553,2172,8090,70,1
11332,Crissy,84830,218,2017-07-01 16:05:06,2391,1712,1791,1806,1710,51,1
13348,Scobleizer,427996,42726,2017-07-01 22:02:14,938,263,681,578,76033,84,1
36623,jbenton,27332,2173,2017-11-05 22:16:55,3145,1894,2453,1577,20487,87,1
79543,jowyang,176607,20032,2017-07-01 17:34:18,1500,286,717,921,38954,57,1
82243,jemimakiss,123475,1655,2017-07-27 23:54:09,258,76,160,139,1499,92,1
428333,cnnbrk,54161690,121,2017-07-25 01:18:22,3255,1018,1058,2993,18,115,1
465973,GuidoFawkes,243619,29,2017-10-12 11:55:11,3314,743,1420,2614,784,67,1
612473,BBCNews,9205516,99,2017-12-29 02:00:40,3054,946,1243,2449,36,58,1
640893,EWErickson,193544,1499,2018-01-04 20:20:28,3301,1779,2221,1811,759,83,1
657863,kevinrose,1795249,867,2017-07-04 23:15:18,338,21,271,140,3337,69,1
742143,BBCWorld,22636865,85,2017-12-20 21:04:38,3312,590,620,3006,9,55,1
755113,ShaunKing,914268,10133,2018-01-16 15:37:36,3119,2319,2616,1116,88771,90,1
772471,GrammarGirl,288742,4378,2017-07-03 17:37:20,1015,120,743,578,12287,91,1
778057,acarvin,107446,2167,2017-07-18 00:23:48,292,199,239,144,887,73,1
786764,bbcworldservice,329712,380,2017-07-12 15:00:24,1301,271,443,1200,1529,116,1
788524,guardiannews,2838546,1293,2018-01-13 05:03:00,3193,3,3,3191,13,67,1
807095,nytimes,41144251,883,2018-01-18 19:29:03,3542,658,713,3091,16283,115,1
813286,BarackObama,100082962,624678,2017-07-20 00:49:02,48,6,13,31,10,117,1
816653,TechCrunch,10098575,991,2017-12-15 05:04:03,3319,26,534,3299,2634,73,1
817386,Techmeme,356722,877,2017-10-04 17:26:29,3192,1,234,3174,43167,117,1
824157,mathewi,85424,4913,2017-12-14 14:14:56,3283,2281,2701,1528,97264,88,1
851211,benwikler,80719,2763,2017-11-16 14:30:46,3144,1413,2201,1552,34752,116,1
858051,dannysullivan,534507,7950,2017-07-22 06:53:51,3200,478,2058,1904,11024,101,1
890891,BleacherReport,6303158,613,2017-12-11 16:35:49,1938,204,606,1889,150,81,1
914061,levie,2439213,429,2017-07-06 02:02:27,103,23,29,71,9553,93,1
926601,vermontgmg,21614,4134,2017-07-21 21:08:19,3148,1805,2283,1752,4639,108,1
950531,pbump,85777,587,2017-12-06 17:20:12,3185,185,1852,1237,49013,54,0
972651,mashable,9889848,2784,2018-01-28 01:54:04,3113,109,116,3105,824,64,1
975731,CraigSilverman,27654,3981,2017-07-01 16:24:13,1842,858,1389,1079,6147,91,1
1077971,bobbyllew,145642,1042,2017-07-01 17:17:16,3020,415,2248,1622,95,99,1
1236101,BenedictEvans,239560,1067,2017-12-20 15:39:10,3230,1024,2498,1308,9433,90,1
1255671,NYT,5394,109,2018-01-27 02:54:22,3193,0,0,3193,0,62,1
1294741,ruskin147,171445,5114,2017-07-20 06:06:50,3169,877,1929,1858,5905,83,1
1344951,WIRED,10250147,309,2017-11-21 15:51:14,3281,527,652,2984,1789,99,1
1367531,FoxNews,17218948,405,2018-02-04 03:49:29,3191,145,1831,3099,0,103,1
1417251,pressgazette,63972,12407,2017-07-03 08:38:54,1097,60,151,1030,178,107,1
1489691,emilybell,66757,6937,2017-07-02 00:07:51,3036,707,2235,1431,19709,88,0
1586501,nickbilton,274466,998,2017-07-03 01:42:08,313,107,182,216,34438,113,1
1652541,Reuters,19389454,1066,2018-02-05 19:30:17,4163,151,929,4108,811,93,1
1754641,nytimesbusiness,795402,388,2018-01-04 19:46:09,3268,236,320,3134,896,116,1
1759181,MattMackowiak,22419,8743,2018-01-08 23:34:28,3178,1969,2353,1609,90122,39,1
1877831,nytimesworld,1908364,499,2018-01-13 22:16:04,3192,160,174,3098,3751,117,1
1917731,thehill,2975546,899,2018-02-09 06:45:11,3193,2,22,3191,26,101,1
1947301,thenation,1253370,7978,2017-08-15 16:15:05,3148,811,905,2782,446,67,1
2195241,fmanjoo,168822,4149,2017-11-19 18:42:24,3141,1564,2461,1217,61919,52,0
2384071,timoreilly,1987387,1835,2017-07-01 19:27:33,1937,1045,1598,1169,7287,113,1
2467791,washingtonpost,12095436,1465,2018-01-22 14:21:04,3590,75,115,3541,4523,83,1
2557521,espn,33976183,281,2017-09-12 02:32:08,3001,635,1039,2810,97,74,1
2729061,doctorow,435962,1531,2018-01-17 16:48:25,3539,768,1178,2844,76,72,1
2735591,FastCompany,2334163,4054,2018-01-04 09:30:17,3169,165,571,3085,8211,92,1
2836421,MSNBC,2008474,567,2017-12-15 00:45:05,3407,952,1320,2715,635,99,1
2884771,Newsweek,3417605,235,2018-01-18 05:10:03,3191,43,81,3162,2875,102,1
3108351,WSJ,15531324,1104,2018-01-23 02:40:09,3558,12,140,3553,1286,106,1
3497941,owillis,105587,5176,2018-02-01 15:31:07,3150,681,1519,1773,23988,84,1
3704391,Shelter,243170,2678,2017-07-02 08:03:04,2518,158,1968,1916,17317,116,1
3941241,journalismjobs,19870,12304,2017-10-31 14:48:01,3319,10,116,3309,4,60,1
4107581,petersuderman,21418,1172,2017-09-26 17:22:03,3171,1046,1883,1596,17611,79,1
4119741,jdickerson,2215568,1796,2017-07-01 21:36:32,1423,422,699,888,5699,81,1
4207961,chrislhayes,1553711,1114,2017-12-12 21:28:44,3411,1862,2704,1183,15504,79,1
4248211,mindyfinn,83215,670,2017-07-02 13:00:55,1582,1066,1166,580,13125,117,1
4620451,BadAstronomer,621384,529,2017-09-01 16:00:17,3227,158,1955,1596,970,89,1
4970411,AJEnglish,4768777,246,2017-12-28 10:00:06,3423,587,809,3308,1933,99,1
5336752,PeterHamby,85049,6395,2017-07-02 17:00:46,1456,836,999,926,6358,81,0
5402612,BBCBreaking,37031349,3,2017-07-02 11:03:44,1347,54,107,1329,0,109,1
5520952,paulocoelho,14997271,282,2017-07-01 23:14:08,1069,98,522,449,30163,74,1
5577902,RickWarren,2292219,5552,2017-07-10 17:35:01,48,2,17,34,4555,117,1
5611152,JesseThorn,51614,613,2017-10-14 04:23:32,3079,921,2171,1563,47408,95,1
5676102,shanselman,199912,7851,2017-11-09 18:32:05,3277,985,2865,1261,61337,53,1
5695632,BuzzFeed,6428590,3124,2018-01-02 21:50:56,3098,213,218,3002,3140,88,1
5746452,waltmossberg,901112,989,2017-07-01 19:07:39,1833,664,1636,902,19316,96,1
5763262,karaswisher,1291964,1525,2017-10-23 00:49:14,3184,1152,2603,1337,11814,59,1
5845492,tomgara,41532,1312,2017-08-31 16:53:28,3180,836,1678,1925,678,105,1
5943622,pmarca,672293,16803,2018-02-13 20:44:15,7,1,6,6,305728,68,1
5959342,charlesarthur,73747,1236,2017-12-26 23:59:33,3121,974,2566,1396,11761,92,1
5971922,BoingBoing,235877,2002,2018-01-11 16:18:09,3130,348,445,2987,13833,100,1
5988062,TheEconomist,22927554,160,2018-01-09 09:06:36,3421,185,275,3325,303,93,1
6107422,thetimes,1083642,698,2018-01-01 09:45:00,3173,168,332,3067,1751,112,1
6267962,dangillmor,45375,1367,2017-10-17 01:07:18,3168,1110,1835,1775,4,94,1
6393032,LizMair,37280,272,2017-12-01 15:14:18,3525,1273,2385,1983,355,116,1
6705042,bengoldacre,492644,2602,2017-07-03 09:04:02,2458,223,1594,1572,2339,117,1
6724252,kerpen,26698,317,2017-10-26 01:31:26,3170,1030,1735,1631,2,65,0
7076492,Glinner,699962,1631,2017-11-29 21:47:28,3136,2094,2557,1435,1745,49,1
7161172,Zee,37564,2824,2017-07-01 20:20:25,425,101,366,149,2960,87,1
7380362,alex,61363,8541,2017-12-25 22:24:51,3399,659,2278,1257,72391,38,1
7429102,MarkWarner,371423,18007,2017-07-05 18:03:39,1148,379,547,749,1013,117,1
7517222,WWE,10031778,372,2018-01-17 01:39:46,3083,1225,2922,2490,969,111,1
7587032,SkyNews,4516347,26,2018-01-14 10:17:33,3193,170,256,3056,14,72,1
7744592,TODAYshow,4382588,8166,2017-12-18 18:06:16,3126,488,1204,2829,9771,93,1
7848802,thegarance,69308,9104,2018-01-19 23:14:43,3624,3096,3207,1366,15958,99,1
7855062,Susan_Hennessey,145895,657,2017-11-02 14:57:06,3177,2397,2636,1452,507,117,1
7864222,ddayen,34912,945,2017-10-19 00:21:19,3184,430,1824,1912,1137,113,1
7900962,lhfang,92632,2027,2017-07-01 23:16:25,1617,641,1055,1012,14384,117,1
8005492,pzmyers,177690,520,2017-07-01 16:56:47,3186,802,1648,1990,42,79,1
8011072,mattkatz00,18588,3102,2017-07-01 16:29:10,2029,731,1451,1204,9559,103,1
8383592,Poynter,190394,1841,2017-08-09 12:04:01,3201,516,960,2910,7136,94,1
8496762,tylercowen,96462,260,2017-07-01 23:09:00,2591,1597,2313,1314,206,75,0
8593862,ollie,16324,623,2017-07-05 21:46:21,999,99,663,448,774,43,1
8839632,NBCNightlyNews,950302,455,2017-12-07 00:14:36,3160,503,1044,2766,1427,95,1
8953122,PolitiFact,623718,7882,2017-08-10 21:15:01,3213,436,1330,3104,840,105,1
8984102,NaNoWriMo,171242,385,2017-07-01 16:59:00,2684,274,1841,1322,13594,114,1
9532402,BuzzFeedBen,298347,4278,2017-10-20 18:41:21,3143,2385,2837,1584,21096,69,1
9571702,pt,14888,2567,2017-10-30 03:48:58,3120,64,2533,2076,36463,117,1
9763482,NYDailyNews,650582,1592,2018-01-09 06:52:04,3177,188,490,3086,1325,107,1
10979382,JillGeisler,8247,6404,2017-10-29 00:31:03,3183,2336,2438,1801,2555,78,1
11348282,NASA,28494043,269,2017-07-01 16:42:10,2952,855,2150,2441,2957,117,1
11616202,JayCaruso,25499,994,2017-12-16 18:34:18,3137,561,2080,1767,15423,78,1
11621822,davidfolkenflik,77325,1655,2017-07-01 16:55:18,2923,1505,2334,1366,8727,112,1
11640472,anamariecox,1368587,4384,2017-12-13 00:47:15,3328,1785,2464,1652,977,60,1
11731322,MysteryPollster,19291,701,2017-07-01 18:27:14,334,94,223,255,89,111,0
11771512,OKnox,48337,2465,2017-11-17 20:07:23,3166,598,2056,1581,17919,68,0
11866582,LOLGOP,362797,9594,2018-01-16 20:16:36,3159,1944,2032,1565,45141,113,1
12096202,emilynussbaum,187194,1312,2017-12-27 23:24:32,3182,923,2443,1265,81065,95,1
12245632,jackshafer,78600,988,2017-09-16 19:19:04,3083,998,2455,1126,4653,57,1
12272322,PoliticsReid,48178,1014,2017-07-01 18:33:34,2279,172,408,2001,2,104,1
12273252,tomwarren,73343,1448,2017-09-09 13:41:59,3136,115,2085,1225,3429,66,1
12354832,kasie,267227,2026,2017-07-01 16:17:12,2008,678,1187,1165,7783,71,0
12612432,jpodhoretz,122607,1208,2018-01-10 03:08:52,3195,105,1847,1236,15716,64,1
13524182,daveweigel,406969,10542,2017-11-13 15:10:10,3164,1864,2437,1564,5664,94,1
14046504,conor64,48471,1473,2017-08-10 12:28:29,3164,742,1919,1992,670,111,0
14063426,PGATOUR,2014453,842,2017-11-01 03:15:01,2248,238,1309,2122,1500,84,1
14075928,TheOnion,11172830,14,2017-09-27 23:39:06,3260,393,421,3150,2,92,1
14085096,JohnRentoul,103011,399,2017-12-30 10:16:53,3316,1674,2685,1808,1820,81,1
14089195,pitchfork,3525388,3750,2017-12-02 16:03:05,3187,52,967,3165,82,62,1
14096763,TheStalwart,145359,5224,2018-01-07 18:53:44,3212,1006,2114,1566,101711,58,1
14128528,dtapscott,104585,24345,2017-07-03 17:35:20,596,149,372,431,34353,75,1
14129299,nicopitney,19265,16114,2017-07-02 06:25:54,74,55,70,40,3879,117,0
14157134,Peston,896540,1176,2017-07-03 15:15:19,1194,397,661,773,68,101,1
14173315,NBCNews,5841055,2813,2018-01-22 12:30:10,3541,538,753,3143,762,116,1
14190551,tom_watson,242636,21361,2017-07-01 19:19:10,804,194,471,474,4817,74,1
14197312,dmataconis,12693,8076,2018-01-21 17:42:17,3677,914,2299,2201,8041,86,1
14202817,scalzi,141709,452,2018-01-03 18:49:18,3183,267,2278,1178,387,59,1
14219877,Toyota,704162,19037,2017-07-01 17:00:01,2010,63,1799,601,24648,85,1
14246001,mikeallen,413461,114668,2017-11-07 22:00:24,3242,3091,3134,2178,18557,90,1
14247236,funder,300852,43006,2018-02-02 14:50:00,3040,2483,2663,1843,73847,116,1
14270650,ktumulty,129028,2300,2017-07-01 16:09:34,3010,1340,2246,1762,4836,86,1
14275290,Allstate,84144,5181,2017-07-01 16:20:00,878,19,494,630,2629,94,1
14293310,TIME,15302955,844,2018-01-23 10:27:07,3691,6,14,3690,575,72,1
14302121,jcstearns,14398,1036,2017-07-01 17:09:38,2737,913,1896,1831,76,111,1
14321959,umairh,231737,1449,2018-02-07 11:43:10,307,107,127,217,443,96,1
14335498,newsycombinator,175079,2,2017-11-24 23:01:13,3192,0,0,3192,0,51,1
14340977,HenryJGomez,16409,992,2017-07-24 16:58:04,3165,1272,1721,1938,2557,94,1
14347972,Heminator,34915,4896,2017-10-31 17:18:51,3286,2233,2547,1935,11295,83,1
14348594,hodgman,1164641,3338,2017-10-03 15:52:13,3179,934,2042,1684,71025,53,1
14403440,migold,7729,1386,2017-07-01 18:15:07,2127,37,1562,520,5332,61,1
14413466,RalstonReports,88802,1564,2017-10-04 16:57:22,3183,159,1785,1993,13797,94,1
14414759,FordPerformance,194499,790,2017-07-01 15:56:32,1316,185,1085,1170,3978,109,1
14434063,nytpolitics,426160,277,2017-12-05 17:15:14,3193,239,338,3038,431,117,1
14465607,AHMalcolm,157632,59058,2017-08-12 06:36:36,3193,491,1083,2315,26189,73,1
14471411,DLind,24611,1617,2017-11-21 18:50:02,3133,158,2151,1892,26307,116,1
14499829,WHO,4280312,1562,2017-10-04 20:44:43,2786,1538,1706,1698,6326,117,1
14511951,HuffPost,11371882,5694,2017-12-26 21:56:49,3394,590,632,3016,1037,77,1
14515799,brianstelter,566646,5775,2017-12-31 20:23:35,3191,1732,2580,1709,211973,96,1
14523801,imogenheap,1987264,30594,2017-07-03 20:28:06,211,0,155,48,17,114,1
14529929,jaketapper,1648881,6119,2018-01-04 14:01:21,3319,1583,2625,1827,16068,71,1
14540264,amyfiscus,9303,516,2017-07-02 17:18:56,1268,270,830,633,3567,63,1
14552725,shearm,53896,1209,2017-07-01 18:59:33,385,29,274,251,208,117,1
14569869,Channel4News,1944864,4584,2017-07-01 18:09:36,2662,549,1059,2274,453,116,1
14589511,iraglass,250370,717,2017-07-02 15:56:56,117,8,78,90,804,110,1
14606079,ProPublica,718535,303,2017-09-06 20:27:45,3105,1049,1437,2360,3589,116,1
14619527,ericuman,17392,1540,2017-07-01 17:21:22,1795,667,1156,1057,3453,67,0
14636374,superwuster,26270,1820,2017-07-05 14:01:00,830,73,325,361,1061,109,1
14668111,BGrueskin,6196,330,2017-07-01 21:17:24,1447,372,991,903,6516,89,1
14669951,DRUDGE_REPORT,1342237,2,2018-01-08 01:45:32,3193,0,0,3047,0,52,1
14677919,NewYorker,8461651,419,2017-12-15 14:00:28,3363,113,499,3291,1704,116,1
14700117,MayorofLondon,3184130,3348,2017-07-01 16:00:07,2475,974,1361,1917,82,116,1
14717197,TPM,272044,583,2017-12-05 19:01:14,3192,651,667,2807,127,99,1
14780915,RollingStone,6451936,255,2017-12-04 13:33:25,3193,0,10,3192,5,100,1
14794913,AthertonKD,21822,4098,2018-01-05 05:22:56,3152,1567,2407,1290,244322,75,1
14800270,HarvardBiz,5329606,197,2017-10-27 15:00:10,3294,8,104,3289,17,63,1
14824849,SteveMartinToGo,8767647,238,2017-07-03 21:05:37,241,32,68,191,25,70,1
14834340,jayrosen_nyu,229396,1201,2017-10-11 01:41:32,3307,105,2603,1587,45,93,1
14844867,amandacarpenter,114930,3575,2017-07-02 13:53:48,1794,297,475,954,3203,95,0
14849562,WesleyLowery,596064,7873,2017-07-01 18:11:54,1016,217,638,586,29362,114,0
14934818,InStyle,4655414,2690,2018-01-17 14:39:01,3358,72,1109,3330,2056,76,1
14936846,BoxHQ,74711,2928,2017-07-05 17:21:24,229,42,157,175,2859,105,1
14939981,questlove,3705938,9424,2017-07-01 16:00:27,2318,438,1295,1543,562,65,1
14964767,thurrott,117095,120,2017-11-10 20:32:58,3320,213,2203,1144,2542,68,1
14982804,ava,1720430,11282,2017-07-21 17:07:33,2429,1200,1774,1480,121573,95,1
14989516,bdomenech,58750,958,2017-10-05 03:15:29,3162,1410,2390,1551,21900,56,1
15052671,apblake,6812,3048,2017-07-13 00:29:41,3143,1613,2036,1971,17611,66,0
15075999,hughhewitt,164132,2528,2017-12-28 00:47:27,3124,1449,2434,1884,2005,115,1
15143478,RichardDawkins,2661132,366,2017-07-02 08:49:06,392,40,69,305,75,114,1
15147397,birbigs,569806,691,2017-07-01 22:28:03,789,131,361,514,48883,99,1
15164565,Slate,1795332,621,2018-01-31 08:27:07,3204,148,172,3128,3909,97,1
15173859,CIRonline,47874,3867,2017-07-01 16:25:06,237,214,222,172,2122,101,1
15180852,pilhofer,18318,1506,2017-07-02 09:18:28,589,69,494,292,1157,107,1
15195539,cjane87,20777,653,2017-12-13 03:20:42,3189,217,1658,1516,14842,84,1
15201076,cjciaramella,11772,2133,2017-07-01 19:04:33,2605,764,1791,1573,3845,92,0
15220768,DavidCornDC,602661,1434,2017-08-26 23:22:53,3271,1078,1379,2256,106,61,1
15224867,andersoncooper,10057711,270,2017-07-14 19:44:29,58,38,46,35,14,108,1
15253147,AlanCarr,5264892,716,2017-07-01 19:02:03,383,146,275,234,611,58,1
15276573,drewharwell,16414,1907,2017-07-06 17:16:56,1627,810,1053,1135,10799,115,1
15279429,VanityFair,4829504,1168,2017-11-29 19:00:27,3299,83,567,3263,4233,91,1
15279452,radiomaru,120266,257,2017-07-01 17:18:26,323,125,221,161,61079,68,1
15302774,davidharsanyi,24220,973,2017-12-07 12:44:17,3220,853,2283,1422,4391,78,1
15327996,BFriedmanDC,40488,720,2017-07-01 18:20:23,2847,991,1472,1856,10549,113,1
15362154,amomontheside,25743,2572,2017-10-11 23:06:20,2905,2412,2624,1623,6927,96,1
15418628,mattmfm,67334,1658,2017-08-23 00:51:41,3117,988,1860,1612,27152,112,1
15446531,mattyglesias,384022,762,2018-01-23 19:39:43,1157,191,479,695,7088,99,1
15450660,Greg_Palast,53229,1840,2017-09-21 01:03:00,2944,2419,2568,1718,11224,116,1
15450996,CatoInstitute,333773,7926,2017-10-10 04:32:01,3180,1662,1806,2271,15177,116,1
15480686,2020science,17450,551,2017-07-01 21:46:37,1599,740,1177,887,1494,101,1
15485441,jimmyfallon,50509276,7801,2017-07-17 12:45:44,546,91,344,310,69,95,1
15492359,TEDTalks,10966684,551,2017-07-21 13:48:29,3166,174,967,3036,4218,81,1
15529730,aviswanatha,1906,811,2017-07-10 11:45:22,49,25,36,33,83,111,1
15576928,goldengateblond,220384,1416,2017-12-02 23:11:34,3048,1093,2212,1346,225119,75,1
15580900,stellacreasy,102211,8558,2017-10-07 11:01:13,3045,653,1832,2282,9,117,1
15639774,adamdavidson,40526,1364,2017-07-03 14:39:25,593,213,409,407,1698,117,1
15649438,theferocity,91184,657,2017-12-31 04:57:39,2888,1131,2159,1350,8799,35,1
15675138,cspan,1844808,8764,2017-07-18 15:51:14,3177,302,2083,2953,858,103,1
15689503,cbellantoni,38500,2716,2017-07-03 15:13:31,471,143,217,354,558,82,1
15691197,Atrios,36585,2560,2017-12-01 00:51:53,3338,815,1799,1091,2638,88,1
15692087,mitsmr,91797,1494,2017-10-07 01:05:04,3154,277,1044,3102,11438,105,1
15704971,sarahdwire,6517,1220,2017-07-01 18:30:17,2405,657,1229,1763,622,95,1
15727317,aterkel,84716,5999,2017-07-01 21:35:40,2804,1351,1679,1797,2489,85,1
15728161,NoahShachtman,79517,4652,2017-09-08 23:15:13,3150,1633,2405,1689,167,73,1
15731368,HowardKurtz,175092,221,2017-07-02 12:26:28,837,26,408,464,53,116,1
15741036,katherinemiller,49245,1636,2017-11-10 01:43:56,3224,1840,2572,1398,548,94,0
15741636,bheater,10131,89,2017-07-01 18:41:39,2127,206,1105,650,2354,62,1
15742985,lachlan,48499,1479,2017-10-16 16:57:36,3163,997,1718,2021,17578,83,1
15745368,marcorubio,3472839,2428,2017-07-04 13:21:59,1064,147,421,532,1792,117,1
15766082,joshrogin,187588,10870,2017-07-02 13:39:54,3113,1285,1957,1808,6562,91,1
15780280,sam_baker,9811,2367,2017-07-13 18:01:23,3162,995,1625,1738,5507,83,0
15808761,DPBell,15375,10132,2017-07-01 18:11:41,2326,1451,1625,1232,1634,44,1
15808765,CoryBooker,3908311,93457,2017-07-01 16:04:15,1458,679,1055,781,79,103,0
15846407,TheEllenShow,76874306,35939,2017-07-01 18:50:52,1597,68,844,1198,816,80,1
15859912,kthalps,37565,5279,2017-09-21 23:44:01,3155,621,2088,1873,11415,116,1
15860531,augusten,44871,461,2017-07-03 16:45:14,138,71,79,85,5375,55,1
15865878,NiemanLab,281349,833,2017-08-28 21:21:56,3129,350,631,2885,2270,108,1
15891430,jodikantor,64191,1823,2017-07-04 21:32:46,588,128,415,297,2297,84,1
15922214,rollcall,358030,1185,2017-10-19 19:40:07,3128,137,501,3022,1265,116,1
15950681,Truthdig,79468,5552,2017-07-01 17:27:42,2088,139,649,1995,1943,111,1
15976697,michellemalkin,2174422,16443,2017-07-01 16:19:22,2009,1050,1483,1333,20431,90,1
15976705,Amy_Siskind,233077,291,2017-11-19 20:26:28,2783,412,1143,1927,25358,116,1
15978412,attackerman,137738,3394,2017-08-11 20:54:35,3128,612,1505,1872,12229,85,0
16001827,spj_tweets,56903,1579,2017-07-01 18:05:05,1622,569,1032,1151,3329,115,1
16002085,igorvolsky,178974,2460,2017-07-02 13:29:42,2795,850,1396,1815,1417,116,1
16006592,BenjySarlin,88084,1753,2017-10-04 15:01:50,3182,963,1846,1765,12198,113,0
16012783,thedailybeast,1150638,936,2018-01-09 22:55:13,3208,357,836,2986,1707,94,1
16016427,frontlinepbs,299055,2263,2017-10-12 02:21:59,3132,428,993,2640,8922,117,1
16017472,highcountrynews,25591,1764,2017-07-15 01:32:57,3230,446,1124,3006,3040,110,1
16017475,NateSilver538,2976304,1063,2017-07-01 16:09:31,1340,360,604,948,236,117,1
16031927,greta,1213488,2116,2017-12-29 12:12:29,3295,788,1199,2937,11737,85,1
16050296,ruralmoms,144316,118945,2017-12-30 21:11:02,3089,1339,1603,2287,5452,58,1
16068266,TPCarney,43557,1169,2017-11-02 14:31:22,3238,571,1859,1584,432,83,1
16072058,mikememoli,35065,1915,2017-07-02 13:18:13,2291,1140,1604,1208,1454,101,0
16076032,ggreenwald,946312,982,2017-11-09 15:57:18,3326,518,2456,2715,808,117,1
16097702,ChrisStirewalt,76458,2096,2017-07-02 12:12:40,996,110,567,522,3884,58,1
16099612,aaronwiener,6811,182,2017-07-03 16:00:16,554,17,230,443,407,101,1
16101182,SalenaZito,45829,6478,2018-01-20 00:08:20,3054,1936,2068,1804,39481,35,1
16125224,ByronTau,44747,2746,2017-07-02 20:26:45,1995,458,1006,1116,12397,104,0
16129920,maddow,9161748,2835,2017-07-02 04:55:18,1148,790,816,626,1,57,1
16157855,edhenry,276138,8077,2017-07-03 00:59:17,1524,526,1057,1075,12617,65,1
16164856,mickbk,4957,2082,2017-07-03 11:05:46,551,355,428,322,105,69,1
16172747,charlie_savage,41627,2087,2017-07-01 18:46:24,1097,233,633,757,260,116,1
16184358,CNNMoney,1744426,953,2017-12-05 02:34:00,3184,416,671,3029,291,91,1
16187637,ChadPergram,71928,16581,2017-12-15 23:10:01,3193,0,5,2257,0,117,0
16190898,RyanSeacrest,17028216,563,2017-07-01 16:01:10,930,225,584,694,754,92,1
16212685,chicagobulls,4066791,4912,2017-10-17 16:22:24,2724,270,1081,2204,7832,105,1
16228398,mcuban,7733050,1481,2017-07-04 23:32:20,1126,411,887,667,2182,95,1
16244449,jbarro,231493,2283,2017-12-01 00:17:17,3276,1304,2298,1487,10870,104,1
16273831,VOANews,1563068,240,2018-01-06 22:54:07,3181,750,764,2685,64,83,0
16302651,EugeneMirman,423632,492,2017-07-01 16:00:47,763,317,547,402,10961,88,1
16311797,WSJPolitics,129845,249,2017-11-29 02:29:50,3221,259,299,3061,819,84,1
16313058,twatan,7844,6434,2017-07-05 12:41:47,303,113,281,239,2931,82,1
16317567,ceciliakang,19746,1349,2017-07-01 18:42:39,2166,863,1302,1275,5398,77,1
16319594,bencasselman,46763,1806,2017-07-03 03:08:16,2242,350,1412,1206,7933,112,1
16340501,mattbai,30511,837,2017-07-02 17:06:32,569,180,365,337,5731,76,0
16348549,ONECampaign,1734533,2822,2017-07-29 16:01:12,2602,171,286,2520,14881,74,1
16369150,columbiajourn,56989,1197,2017-07-05 14:55:38,459,237,351,339,1700,101,1
16395449,BRIANMBENDIS,187791,383,2017-08-18 15:56:57,2055,817,1362,1282,8722,92,1
16399949,felixsalmon,181260,1832,2017-09-29 18:14:27,3233,506,2554,1589,2370,92,1
16460393,joshelleyCNN,5371,4253,2017-07-01 16:01:05,295,187,211,197,3065,80,0
16491845,yidwithlid,11565,6224,2017-12-31 22:01:26,3182,1177,2764,2184,127,93,1
16573941,netflix,4730123,990,2017-07-01 16:18:43,2238,494,1744,984,12051,51,1
16581604,MikeBloomberg,2219176,398,2017-07-04 14:00:08,481,116,318,401,502,117,1
16627805,simonschusterUK,59059,4799,2017-07-02 09:28:00,1980,346,1450,1771,2177,113,1
16656999,chattanoogafun,71706,15909,2017-07-01 18:01:00,966,229,499,872,3419,113,1
16664681,latimes,3198907,10644,2018-01-03 00:10:07,3236,68,144,3184,1904,101,1
16669075,fema,703958,641,2017-07-03 16:20:19,1452,493,1158,902,2779,116,1
16686144,nytopinion,656616,1416,2018-01-12 05:05:16,3188,543,940,2911,3817,117,1
16714443,annehelen,49665,902,2017-10-27 13:33:34,3187,494,1873,1516,33252,81,0
16789970,SenatorReid,457895,161,2017-10-14 23:58:30,2,1,1,2,23,117,0
16815644,ABCPolitics,667422,485,2017-12-13 04:01:22,3163,414,876,2829,63,117,1
16833653,MarkThoma,44376,431,2017-07-01 19:36:24,1836,14,17,1826,5,57,1
16846973,megdalts,1307,939,2017-07-01 21:30:08,2914,1333,2268,1755,2325,62,1
16868756,ddiamond,100974,903,2017-09-05 02:15:31,3136,1298,2045,1944,41215,113,1
16893929,markberman,41440,1579,2017-10-12 20:48:59,3164,867,1334,2418,34635,115,1
16930125,edatpost,69336,17527,2017-09-12 15:41:25,3165,996,1965,2309,5547,109,1
16935292,democracynow,634381,6131,2017-10-22 06:55:04,3150,69,922,3082,4223,108,1
16940993,sleepnumber,43676,4292,2017-10-24 22:39:00,1139,15,763,492,12116,68,1
16955991,Salon,1006161,6030,2018-01-09 11:20:10,3463,58,150,3426,1501,82,1
16973333,Independent,2460711,1107,2018-02-09 11:25:38,3364,291,307,3292,46,74,1
16989178,JamesOKeefeIII,387334,1076,2017-07-01 18:30:10,1562,703,1121,1061,1435,116,1
17004618,NickKristof,2172613,1618,2017-07-01 18:41:22,3110,1163,1826,2083,35,112,1
17006157,paulkrugman,4279819,31,2017-07-01 15:54:13,1735,145,192,1274,25,116,1
17020962,jimmycarr,6961060,319,2017-07-05 11:16:08,174,8,51,162,4,88,1
17024780,BBCJamesCook,49423,1043,2017-07-01 16:45:34,2820,599,1623,1466,35,114,1
17044233,JoshuaGreen,52736,560,2017-07-03 14:23:32,2048,243,1555,776,9250,58,1
17062358,krishgm,512882,3904,2017-07-01 17:23:48,1043,263,602,587,299,83,1
17074440,GStephanopoulos,2643441,749,2017-07-08 18:05:41,142,23,114,80,47,117,1
17094311,JasonLeopold,55434,3800,2017-10-18 04:32:56,3132,1450,2042,1771,7150,83,1
17112878,CNNSotu,154696,593,2017-07-02 12:04:40,1596,431,1441,1139,135,103,1
17291393,WillieGeist,755288,1479,2017-07-01 23:06:31,1599,664,1296,884,3837,94,0
17385903,kejames,27569,2736,2017-11-23 05:12:36,3124,435,2442,1241,6075,87,0
17436250,nytmike,96888,1473,2017-07-08 21:16:11,198,82,119,137,719,115,1
17454769,glennbeck,1213689,227,2017-07-01 20:27:03,1612,133,455,1449,248,92,1
17494010,SenSchumer,1375395,26313,2017-07-03 15:02:22,1574,420,804,858,177,117,1
17525171,Variety,2077542,286756,2018-01-23 01:19:33,3193,112,755,3114,327,83,1
17530277,JeanGreasy,129978,2304,2017-07-02 07:41:33,1013,87,730,332,5929,60,1
17595439,chr1sa,190790,1204,2017-07-02 03:00:11,1878,613,1445,1189,2619,113,1
17614726,Walldo,18197,4334,2017-11-07 04:07:20,3050,1101,1876,1303,66160,57,0
17693063,Oeming,21030,1139,2017-10-30 17:41:39,2949,1025,2370,1603,14140,43,1
17733320,BellaTwins,3478444,858,2017-07-01 16:47:10,1073,356,708,621,25919,68,1
17753033,wossy,5406107,8515,2017-07-01 21:02:14,335,36,269,90,416,57,1
17820947,davidmcw,238108,2934,2017-07-01 16:03:28,1230,407,914,576,749,62,1
17837784,leswalker,829,355,2017-09-27 23:02:25,12,3,11,9,61,95,1
17850018,MissingLynxx,27773,18731,2017-12-21 03:24:10,2820,2295,2543,1294,28798,73,1
17881467,rebeccagberg,59378,1607,2017-07-02 14:21:15,1452,796,955,891,7564,90,1
17939037,ProfBrianCox,2841499,515,2017-07-02 08:44:25,1714,460,1428,701,94,78,1
17997789,danariely,151179,14,2017-07-03 08:26:55,115,6,26,113,92,68,1
18018355,AprilDRyan,300191,4624,2017-09-11 14:56:23,3084,1826,2265,1726,13944,65,1
18020081,JohnKasich,953479,10055,2017-07-01 16:00:11,661,50,165,554,803,114,1
18020612,DavidLammy,305109,3844,2017-07-01 17:04:30,1975,232,809,1549,6045,117,1
18025377,michaeldweiss,103831,2711,2017-11-02 04:01:41,3171,1284,1852,1957,581,91,1
18028893,JesseRodriguez,24175,8228,2017-07-02 14:21:42,1846,297,887,1044,1149,82,1
18103148,CSiriano,360787,593,2017-07-01 16:27:30,940,401,668,703,12618,106,1
18121069,Bernstein,18057,1500,2017-07-01 15:53:32,2109,372,1163,888,14090,61,1
18164272,NickBaumann,22927,3689,2017-12-13 00:40:51,3163,2388,2670,1394,129,63,1
18174520,SuzyKhimm,18119,990,2017-07-10 12:45:27,265,135,188,153,6869,114,1
18205531,broderick,48212,1744,2017-09-07 08:17:56,3074,1257,1994,1970,16615,68,1
18266688,TomFitton,180015,2737,2017-09-26 17:32:04,3093,1453,2410,2033,228,110,1
18269124,bendreyfuss,34295,989,2017-08-16 21:35:03,3169,288,1639,1610,71051,81,0
18276341,kdrum,59426,218,2017-07-01 17:42:14,2309,58,768,1643,8,74,1
18295206,MiriamElder,55450,1043,2017-07-18 16:01:38,3033,849,1853,1713,11593,65,1
18378349,KeithMcCullough,130609,644,2017-07-27 13:35:47,3169,439,858,1821,430,76,1
18424289,AJENews,1382318,376,2017-10-17 06:23:01,3190,217,249,3150,211,91,1
18438933,stevelevine,11448,1093,2017-07-02 02:03:56,2169,1109,1797,1502,3251,79,1
18479513,MLB,8122524,5780,2017-10-21 22:52:07,2951,1358,2293,2223,2451,88,1
18510860,MotherJones,725573,0,2017-12-20 06:00:18,3185,908,1056,2792,1394,97,1
18587457,MHarrisPerry,702123,1124,2017-07-03 15:26:12,1072,232,726,786,200,112,1
18622869,ezraklein,2398292,1121,2017-07-02 13:46:04,2660,584,854,2135,1602,112,1
18646108,BretBaier,1184182,7144,2017-10-20 19:51:10,3176,2523,2688,1586,2688,56,1
18650093,pressfreedom,160349,1572,2017-12-12 18:43:59,3198,1360,1762,2214,1794,117,1
18678924,jmartNYT,221461,6226,2017-12-08 13:35:12,3302,1969,2472,1837,5960,73,1
18686907,davidfrum,613195,762,2017-09-02 12:49:29,3257,1334,1583,2146,2043,82,1
18691746,juliagalef,49544,376,2017-07-01 16:05:55,1964,117,1118,1154,5901,116,1
18713254,simonpegg,6517339,0,2017-07-02 13:11:37,49,21,33,40,253,111,1
18723501,NathanWurtzel,15398,585,2018-01-15 17:41:32,3183,124,1340,1622,82,61,1
18742360,TheWrap,221176,12603,2017-12-25 01:15:34,3137,86,813,3059,16318,101,1
18764841,richardpbacon,1478012,1270,2017-07-02 01:55:37,789,235,396,510,144,60,0
18771370,ErikWemple,36867,1351,2017-07-03 15:31:10,1138,257,736,680,1178,92,1
18772897,reidepstein,27527,1447,2017-07-03 14:32:15,134,74,86,92,399,95,1
18810140,darrensands,9322,2635,2017-07-16 16:42:53,3069,1281,2170,1517,10127,70,1
18812572,60Minutes,941836,401,2017-07-02 17:03:11,1038,87,196,703,466,117,1
18856867,zerohedge,482854,722,2018-01-25 23:14:59,3220,163,219,1927,2,62,1
18883224,joe_palazzolo,7799,744,2017-07-01 19:08:37,648,323,352,484,490,114,1
18978553,rorycooper,18042,3235,2017-07-01 23:43:29,1969,276,1105,673,11515,76,1
18979962,TinchyStryder,750049,589,2017-07-03 13:25:33,229,35,62,92,1727,43,1
18983793,ShannonBream,259382,1372,2017-07-03 14:26:08,1240,177,603,901,8309,104,1
19016024,instigating,12396,6584,2017-07-01 17:10:55,839,175,773,675,7921,114,1
19084896,TheRickWilson,304698,3797,2018-01-16 19:46:56,3153,1377,1547,1947,53087,35,1
19086456,michaelluo,38116,2113,2017-07-01 21:42:24,2089,1120,1820,1499,1619,103,1
19086859,rtraister,103635,2239,2017-07-01 23:48:36,1737,944,1287,943,11856,116,1
19173787,allahpundit,83248,294,2018-01-12 19:04:32,3178,1997,2227,1635,65,70,1
19186003,seungminkim,55264,1397,2017-10-22 14:14:59,3092,955,1886,1566,12629,77,1
19263978,cavs,3078429,1918,2017-11-02 15:57:45,2392,883,1530,1740,12741,91,1
19351485,byaaroncdavis,9522,958,2017-07-06 13:16:26,399,117,193,332,1317,116,1
19394188,SenJohnMcCain,3135503,380,2017-07-03 17:07:39,1114,160,745,987,93,111,0
19397785,Oprah,41493571,289,2017-07-06 00:45:23,256,15,185,89,149,84,1
19417492,NRO,280558,1793,2017-12-20 19:50:04,3224,185,2282,3116,708,84,1
19512493,RichardWiseman,143669,227,2017-07-02 12:23:26,364,10,238,128,944,61,1
19515424,michiokaku,636626,51,2017-07-15 17:08:50,51,0,7,40,11,117,1
19517166,BrokenTeepee,11473,7435,2017-11-30 06:37:55,3161,2298,2464,1967,30187,85,1
19534873,arusbridger,199186,2813,2017-07-01 17:18:44,572,257,472,291,8890,83,1
19562228,rustyrockets,12285040,383,2017-07-01 19:42:01,1338,347,768,1030,406,84,1
19568591,ananavarro,787162,775,2017-07-01 18:19:08,1442,142,517,1118,6124,117,1
19580890,LeeCamp,81460,12831,2017-11-03 19:44:09,3169,1365,1792,1741,39266,116,1
19588385,indiaknight,146965,2530,2017-09-21 21:10:15,3013,728,2368,651,16657,51,1
19606528,HarvardHBS,388396,2067,2017-07-01 23:00:04,1142,183,695,1048,4162,108,1
19644592,campbellclaret,428535,8032,2017-07-01 16:07:47,2736,927,1910,1192,50,94,1
19660870,HilaryAlexander,294399,587,2017-07-01 16:20:43,2046,1553,1776,1310,3528,88,0
19725644,neiltyson,11658378,43,2017-07-03 18:43:44,277,2,148,138,1,116,1
19750159,justinhendrix,62260,4600,2017-12-24 02:15:04,3152,1401,2328,1574,72714,82,0
19811190,paulmasonnews,584647,3115,2017-07-01 19:54:33,2417,844,1466,1279,26623,116,1
19881465,johnnydollar01,10365,463,2018-01-05 01:57:29,3047,1709,2325,1731,2636,101,1
19906615,NewStatesman,156378,958,2017-12-14 10:22:00,3195,773,1769,2874,1094,102,1
19914257,mviser,65974,1859,2017-07-01 23:51:20,1587,525,642,1010,2123,117,1
19923144,NBA,27307902,1675,2018-01-20 21:39:31,2801,717,2041,2386,275,99,1
19923638,TheCut,1430183,4465,2018-01-10 13:22:05,3169,343,647,3069,4768,106,1
19966557,alaindebotton,891382,1456,2017-07-03 14:22:26,396,34,112,228,6415,62,1
19983050,MichaelWolffNYC,117801,287,2017-07-07 16:20:37,190,77,88,114,131,76,0
20109973,AnnCurry,1671632,1477,2017-07-26 21:44:46,24,0,7,22,969,65,1
20177423,ELLEmagazine,6849124,1187,2018-01-05 22:15:59,3045,141,244,2961,5326,70,1
20178419,cwarzel,94892,1329,2017-07-01 22:54:35,2893,524,1422,1791,13683,87,1
20182089,WestWingReport,379926,914,2017-11-03 12:47:46,3117,346,954,2317,3446,117,0
20196159,Timberwolves,835769,595,2017-07-11 23:05:02,2226,285,1058,1588,3644,73,1
20346956,Lakers,7326559,79,2017-11-18 05:50:43,2119,632,882,1368,5184,56,1
20378448,philipaklein,38163,741,2017-07-03 01:57:12,2327,578,1204,1498,231,106,1
20402945,CNBC,2903491,394,2018-02-01 07:21:15,3188,25,285,3178,32,80,1
20479813,MMFlint,5959722,461,2017-07-02 01:04:17,587,164,188,375,1510,117,1
20522862,JohnBerman,89129,1276,2017-07-02 03:01:43,878,155,477,406,76,70,1
20526449,hugorifkind,140835,1554,2017-10-08 11:17:57,3186,192,2837,1418,11965,107,1
20543416,BBCNewsnight,539029,1892,2017-07-06 18:50:28,3149,468,2180,2806,1597,116,1
20596231,wabbey,55528,1927,2017-07-03 08:06:00,551,71,237,462,5269,116,1
20708472,samgf,4042,423,2017-07-01 18:55:21,157,57,111,95,257,90,1
20729667,Neoavatara,7859,2925,2018-01-21 15:21:55,3251,445,2285,1778,90579,75,1
20744708,JasonKander,295886,1407,2017-07-18 22:40:31,2947,1182,2082,1544,12432,68,1
20748745,BradThor,100765,1111,2017-09-15 19:32:17,2934,756,2192,1572,58862,72,1
20769514,dfriedman33,4737,1402,2017-07-02 14:12:55,2497,807,1106,1618,2015,116,1
20780641,AlfieConn,5000,1990,2017-07-02 15:45:05,607,228,435,273,156,62,1
20815668,perrybaconjr,20523,413,2017-07-02 14:42:35,897,276,355,700,38,100,1
20975688,hrtbps,65885,438,2017-07-01 19:41:00,1803,82,719,1083,19617,71,1
21010214,BillHemmer,317045,457,2017-07-10 12:37:03,557,262,376,208,954,65,0
21027715,CarrieNBCNews,33889,1125,2017-07-06 12:19:28,410,71,194,320,246,116,1
21035409,michaelianblack,2170533,600,2017-11-10 19:31:01,3305,357,2309,1524,16793,82,1
21112249,ctsbulls,50545,5371,2017-10-19 22:43:38,3016,433,1276,1200,362,56,1
21212087,Olivianuzzi,151788,997,2017-07-01 16:06:56,3011,741,1856,1341,371,71,1
21252618,JakeSherman,107959,2956,2017-11-02 13:39:45,3160,539,1460,1715,78,70,1
21268897,joshtpm,231665,693,2017-12-30 02:15:38,3176,748,791,2522,3427,86,1
21307076,SusanPage,53828,1230,2017-07-01 22:07:41,1448,412,747,987,3543,82,1
21313053,LarrySabato,127480,7021,2017-07-01 17:02:01,1416,197,433,975,2488,116,1
21401466,VogueRunway,2001554,628,2017-12-31 05:44:03,3190,13,1089,3184,4225,90,1
21534951,adamgoldmanNYT,89036,744,2017-07-01 17:39:28,2354,602,1429,1498,381,68,0
21611239,seanmcarroll,172899,378,2017-07-01 17:30:06,1476,253,981,705,4160,93,1
21619519,JoeNBC,2289980,394,2017-08-09 10:41:06,3163,1732,1952,2031,75,107,1
21632185,daniellismore,10803,3324,2017-07-01 20:37:53,1452,604,1062,1034,30598,73,1
21643972,LSEpublicevents,53841,8247,2017-07-01 17:22:03,2229,406,1702,1922,10758,116,1
21728303,keithboykin,125565,807,2017-08-02 00:13:55,3132,896,1068,2410,2212,116,1
21786618,billmckibben,270220,1045,2017-07-01 18:02:49,975,23,332,789,1600,112,1
21797658,laurameckler,9179,631,2017-07-12 21:45:27,241,112,141,170,138,114,1
21800063,POLITICO_Steve,19491,5173,2017-11-02 20:15:09,3157,1420,1983,1843,17332,81,1
21982720,ariannahuff,3028777,2715,2017-07-01 17:20:11,2278,371,850,2057,1950,76,1
22021978,sunny_hundal,73544,1250,2017-10-10 16:49:58,3046,1218,2548,1397,1034,115,1
22077368,lesleyclark,5636,1016,2017-07-01 17:17:08,2592,1397,1982,1616,1740,111,1
22083639,ThomasHCrown,9912,795,2018-01-16 21:50:52,3177,963,2217,1621,200,106,0
22152006,seeingdandy,8822,6470,2017-12-09 17:16:46,2887,2089,2554,1365,11878,70,1
22187085,CREWcrew,132147,1500,2017-11-11 22:01:13,3176,181,267,2998,1043,117,1
22272053,MarcusduSautoy,48711,307,2017-07-04 13:38:54,184,5,133,137,5,114,1
22341950,dambisamoyo,188250,50173,2017-07-02 13:00:47,465,1,192,454,35,115,1
22429979,nycsouthpaw,83924,3416,2018-01-07 18:47:43,3175,1646,2172,1642,59381,73,0
22528309,RepublicanStudy,25689,1374,2017-07-12 18:24:31,380,216,292,213,144,112,1
22642788,pewresearch,353652,81,2017-11-03 17:40:56,3151,1451,1521,2318,151,113,1
22685200,kingsthings,2808656,865,2017-07-03 00:10:33,534,11,351,363,6514,109,1
22717141,kwcollins,5651,1569,2017-07-01 19:52:13,3146,954,2163,1514,22120,101,1
22771961,Acosta,529566,3004,2017-07-01 17:10:42,1805,595,736,847,5129,102,1
22812734,faisalislam,244511,8645,2017-10-09 19:24:26,3202,438,1162,1768,1994,117,1
22869559,add,7102,1212,2017-07-01 19:47:56,870,210,533,553,4867,91,1
22872643,kellyoxford,902745,989,2017-07-01 16:14:58,196,13,86,61,33492,69,0
23083404,KingJames,40691782,179,2017-07-01 19:12:00,187,42,108,106,110,90,1
23112236,OnPointRadio,60748,882,2017-10-30 15:06:56,2961,423,1376,2538,27068,116,1
23232204,ShaneGoldmacher,38615,2623,2017-09-14 17:28:53,3171,1118,1653,2060,908,67,1
23346166,justkarl,6832,99,2018-01-08 23:22:00,3188,1879,2834,1655,20393,46,0
23621827,DavidNakamura,36368,1069,2017-07-01 21:20:28,3102,182,1250,2155,2807,116,1
23818581,VICE,1882382,11269,2018-01-12 14:00:21,3369,1026,1141,3080,3501,66,1
23839835,jeremyscahill,339551,3704,2017-07-11 16:23:15,1973,491,1628,1026,744,110,1
23908154,aedwardslevy,30288,1952,2017-10-20 17:06:44,3170,732,1592,1499,17326,70,1
23911915,joshledermanAP,27829,2911,2017-07-01 17:25:05,2375,535,1106,1135,13980,115,1
24002724,TonyFratto,25239,3336,2017-07-07 12:31:59,3153,1351,2374,1522,37083,75,1
24165761,MichaelSkolnik,242827,713,2017-10-30 04:12:47,3002,1936,2219,1369,113400,98,1
24439201,jameshohmann,42564,3481,2017-07-18 12:23:43,3143,2397,2585,1903,14988,107,1
24447643,eddieizzard,4765962,618,2017-07-03 09:10:59,132,41,65,99,34,108,1
24703826,stevenportnoy,12963,1705,2017-07-02 14:00:54,1452,136,472,693,1100,115,1
24789175,JamesFallows,160042,939,2017-07-01 16:30:33,2686,203,1547,1517,50,110,1
24903350,PelicansNBA,791946,292,2017-11-18 03:53:59,2437,839,1576,1702,9300,70,1
25019638,richarddeitsch,201821,593,2017-12-06 14:18:18,3194,561,2488,1482,2298,71,1
25162713,c_chisholm,1201,858,2017-07-04 03:30:48,409,180,293,253,2543,89,1
25203361,Rosie,1112950,33871,2017-12-16 17:53:01,3190,1399,2325,1434,19382,41,1
25275453,jimwaterson,217424,2450,2017-07-01 17:19:19,3173,216,2206,1617,13418,103,1
25379053,TheEmmys,129577,4467,2017-07-01 16:25:08,511,20,437,462,948,94,1
25466022,DavidKlion,18852,2307,2018-01-17 22:13:00,3330,1265,2531,1486,36389,109,0
25505106,willsmithwriter,22977,1132,2017-07-03 07:39:27,509,137,474,185,3469,94,1
25564838,SouthBayLakers,26798,371,2017-07-05 18:13:37,916,88,625,708,2566,105,1
25589776,people,7876822,1757,2018-01-23 05:55:04,3574,46,83,3548,5132,89,1
25657401,SarahBrownUK,1211968,15605,2017-07-03 10:56:24,555,205,368,395,4485,109,1
25692368,omriceren,56074,423,2017-12-02 00:24:11,3122,605,927,2602,8164,116,1
25734277,JamesGleick,33347,179,2017-07-01 17:41:34,2189,1025,1480,1217,1276,76,1
26020465,ETCanada,369641,12448,2018-01-24 21:41:56,3128,49,1613,3103,3561,100,1
26053643,jimmykimmel,11046431,589,2017-07-03 20:39:12,628,75,444,521,7340,79,1
26133429,Alex_Roarty,9732,2006,2017-07-03 13:25:06,2767,948,1904,1628,5516,93,1
26138276,aaronecarroll,34119,213,2017-08-08 20:01:32,3133,676,2225,1304,6442,57,1
26178536,jkirchick,19299,806,2017-08-14 23:24:03,3154,1242,1864,2075,4662,69,1
26257166,SportsCenter,35496197,1662,2017-09-10 12:27:50,2917,428,718,2780,1158,76,1
26514376,TonyGaskins,327202,56453,2017-07-03 13:50:00,581,44,110,318,9890,48,1
26548315,soledadobrien,806847,444440,2017-09-18 00:48:35,3115,1807,2214,1810,5460,53,0
26559241,fordm,30045,3862,2017-07-13 14:11:44,3175,804,1975,1346,73674,74,0
26637348,TulsiGabbard,179043,3242,2017-07-02 20:52:15,852,58,134,494,2139,117,1
26668729,John_Hudson,21232,2585,2017-07-01 16:36:15,2056,632,1169,1293,5198,94,1
26727655,Aiannucci,563869,650,2017-07-02 14:25:22,943,577,650,563,243,50,0
26745004,Sartorialist,183657,89,2017-12-29 15:18:44,3,0,1,3,65,117,1
26813101,CBSTweet,371914,2408,2017-07-01 23:43:32,1956,1347,1687,1334,6068,116,1
26985345,paulwaugh,125208,7172,2017-07-12 22:01:58,3228,808,1418,2105,493,110,1
27075032,oliverdarcy,61919,1040,2017-09-14 18:40:55,3119,1177,2078,1713,18847,86,0
27202956,FashionScout,70875,730,2017-07-05 15:45:24,1220,140,647,1017,2423,113,1
27212264,KathViner,169349,3007,2017-07-02 08:17:35,241,72,105,204,3293,83,1
27311044,DanaPerino,1738553,8304,2017-07-01 18:20:39,1938,719,1427,1089,26650,67,1
27511061,stevebenen,36763,128,2017-07-03 00:17:26,747,2,88,691,651,115,1
27689907,McCormackJohn,27000,1557,2017-09-23 21:59:40,3165,2431,2654,1658,527,87,1
27699224,askanyone,100552,228,2017-07-05 17:51:07,345,22,219,101,7427,87,1
27724771,RandomSpaceFact,48211,184,2017-07-04 19:46:09,248,148,176,149,22,115,1
27744185,krauthammer,870227,1,2017-07-21 13:59:07,3,0,0,3,1,117,0
27782837,McJesse,1131764,815,2017-09-06 16:55:42,3051,267,1342,1319,13561,65,0
27792033,Travon,103860,2426,2017-07-19 20:10:26,3050,857,2295,1257,97948,57,1
27844479,BritishVogue,3603031,1701,2018-01-13 12:50:00,3243,40,1129,3230,635,92,1
28370738,SInow,1747896,1780,2018-02-01 18:13:31,2782,547,913,2533,2537,95,1
28384075,PRisUs,6695,6271,2017-10-18 13:22:08,2628,691,1858,2017,15549,107,1
28569546,MercyShips,15515,1757,2017-07-01 16:08:02,757,24,124,688,4091,116,1
28628850,greggutfeld,930687,667,2017-07-01 23:18:13,1193,290,575,718,3425,75,1
28669612,RealLamarOdom,4292329,37,2017-08-30 06:43:40,7,2,4,5,0,60,0
28785486,ABC,13463773,675,2018-01-17 15:30:36,3521,130,350,3412,465,117,1
29090846,_Drew_McCoy_,13700,221,2018-01-15 17:40:44,3185,727,1411,2043,2410,99,0
29100243,muckrack,44834,49320,2017-07-01 16:30:15,1681,218,1086,1453,2614,91,1
29282820,jackiejcollins,184435,412,2017-07-05 19:10:03,54,27,28,35,1078,89,1
29354944,kinggary,26249,10121,2017-07-05 20:41:19,175,47,78,132,206,111,1
29442313,SenSanders,7455745,2050,2017-07-03 13:30:46,1272,318,401,839,34,117,1
29501253,RepAdamSchiff,724937,776,2017-07-02 13:00:29,388,9,102,315,130,117,1
29719645,iamjoshuamcgee,1518,2217,2017-09-21 03:02:42,1321,350,1134,711,2036,93,0
29986482,melbournecoal,13476,1532,2017-07-01 18:43:09,988,576,632,671,4343,89,0
30013010,kairyssdal,143662,326,2017-09-23 04:17:50,3152,1742,2145,1708,128,38,1
30354991,KamalaHarris,1339470,717,2017-07-01 18:00:11,1593,85,176,1045,213,117,1
30364057,SarahKSilverman,12554125,1078,2017-07-01 17:19:28,2256,1159,1610,1224,11622,76,1
31127446,markknoller,317545,1986,2017-10-18 17:56:51,3278,39,1139,2613,16,117,1
31435689,willcarless,4701,352,2017-08-16 03:18:32,3142,415,2211,1603,8389,92,1
31532083,ChrisMegerian,20511,1475,2017-10-06 20:28:05,3188,1791,2228,1791,1019,98,1
31540671,foxnewsalert,514672,58,2017-07-02 00:21:02,1068,0,3,1068,0,71,1
32493647,TimHarford,137156,698,2017-07-02 07:45:39,2869,998,1454,2384,307,59,1
33276161,JohnFugelsang,382610,18204,2017-07-18 14:22:01,3166,706,1200,1517,53531,102,1
33300246,ChukaUmunna,272144,2102,2017-07-12 07:12:00,3117,1375,1960,1908,14,117,1
33315010,davidallengreen,125284,1764,2017-10-10 08:43:47,3170,686,1814,1613,25666,107,0
33333620,Kantrowitz,21254,1451,2017-07-26 20:13:39,3153,267,1792,1511,49330,63,1
33388399,calestous,113511,557,2017-07-01 16:45:30,3036,1594,2454,2494,79,84,1
33391760,alanblinder,16656,591,2017-07-01 19:01:13,1160,269,580,725,1894,98,1
33863876,hellomag,190159,1880,2017-11-07 13:50:08,3088,2,1162,3082,2466,101,1
33919343,AshleyRParker,165756,2461,2017-07-01 17:59:58,1195,468,748,800,8742,105,1
34022952,bethreinhard,23784,114,2017-07-02 15:38:27,1040,651,781,746,191,109,1
34036028,JimmyKimmelLive,1785113,1517,2017-07-01 19:46:25,1682,570,1447,1581,1996,65,1
34338927,LakerGirls,72471,45,2017-07-03 18:49:45,443,25,39,434,237,64,1
34743251,SpaceX,6432860,533,2017-07-02 00:59:39,271,16,69,168,59,84,1
35027698,ErinMcPike,28232,2434,2017-07-03 15:39:03,456,83,224,227,2690,113,1
35179155,joedunthorne,14852,1241,2017-07-04 14:50:21,168,15,119,51,3408,70,1
35579658,musthavemom,47099,28845,2017-10-27 21:56:28,3000,2522,2593,1782,5992,104,1
35586563,jemelehill,991369,2293,2017-09-06 15:13:47,3055,110,1849,1657,2753,72,1
35773039,TheAtlantic,1656101,1035,2018-01-09 06:31:53,3221,1372,2443,2444,510,115,1
35810531,bill_easterly,106960,1982,2017-07-01 21:39:34,561,252,342,387,372,103,1
35867110,MorrisAnimal,7569,4729,2017-08-07 16:28:37,2381,849,1763,1865,29737,116,1
36047098,davidmwessel,81433,786,2017-07-02 12:46:02,2472,1024,1235,1694,1988,98,1
36082429,jack_welch,1486520,180,2017-07-09 14:20:56,23,1,6,15,254,87,1
36397873,FoxNewsResearch,44585,188,2017-07-01 16:15:01,2291,32,173,1984,2,117,1
36568789,MommyBlogExpert,46287,8966,2017-10-20 03:53:41,3033,2549,2744,1664,1982,111,1
36573744,WilliamAmos,1637,3098,2018-01-30 21:21:36,3142,2934,3109,1703,1419,16,0
36827798,simondoonan,26253,558,2017-07-03 13:15:31,116,0,48,116,680,86,1
37557953,ByRosenberg,21551,1054,2017-07-01 17:15:55,2937,286,1479,1737,6739,101,1
37590426,HallieJackson,263148,1815,2017-07-02 17:10:25,1577,573,1161,827,9134,114,1
37721714,bykowicz,14820,994,2017-07-03 14:50:21,2509,1324,1802,1565,3451,71,1
37723353,DKThomp,55005,1123,2017-07-01 18:22:23,2772,426,1812,1563,18602,116,1
37932056,patcaldwell,6573,390,2017-07-04 16:39:29,775,160,353,614,5288,83,1
37972057,WorldOfStu,81988,523,2017-07-04 20:40:25,1255,340,521,845,173,49,1
38021361,baseballcrank,44932,1208,2017-12-11 21:11:44,3179,866,1844,1871,4646,84,1
38271276,mtaibbi,332296,2834,2017-07-01 16:59:33,978,81,161,862,1444,85,1
38445467,senatorshoshana,30849,5253,2018-01-22 16:26:21,3094,804,2187,1621,110409,49,1
38507478,CenterOnBudget,39237,1063,2017-07-01 20:19:39,2274,869,1141,1705,665,114,1
39000115,KatyTurNBC,462637,1425,2017-07-02 13:50:57,2789,1442,1951,1602,8414,62,1
39155029,mkraju,137810,3569,2017-08-15 18:21:32,3187,854,1194,1552,1603,117,1
39919950,ideacity,23539,17893,2017-07-01 15:54:08,1604,127,791,1550,2227,100,1
40116885,RichLowry,152730,681,2017-07-01 21:44:12,2291,1298,1604,1326,1024,73,1
40129171,Schuldensuehner,51686,291,2017-07-13 21:04:38,3193,65,340,2963,3475,117,1
40519997,ochocinco,3653527,7312,2017-10-05 15:48:27,2209,468,713,1126,125,46,1
40918816,RedSox,1972930,180,2017-09-10 14:00:20,2339,414,1516,1409,5005,61,1
41488991,cathleendecker,10739,1250,2017-07-01 17:31:26,2120,327,904,1270,2144,116,1
41634520,seanhannity,3432679,7440,2017-07-01 18:09:16,1689,89,849,967,115,99,1
41814169,FareedZakaria,908202,412,2017-07-01 17:09:29,372,34,195,248,191,116,1
41859177,danlevitin,21377,68,2017-07-02 15:55:44,174,47,135,96,179,70,1
42176166,tparsi,71457,3964,2017-07-02 18:50:55,3164,1755,2085,1547,2030,117,1
42971403,DavidBegnaud,83883,2389,2017-08-08 23:26:24,3117,917,1738,1780,4923,117,1
43112659,CompassOffice,18843,8432,2017-07-05 16:46:16,160,61,117,124,1265,113,1
43192807,DisneyPixar,10813188,147,2017-07-01 16:05:06,660,38,241,632,7,85,1
44115106,DuncanBannatyne,842269,701,2017-07-01 15:54:15,1077,130,240,902,545,49,1
44177383,GabbyGiffords,241896,6122,2017-07-01 16:46:37,207,12,97,167,137,117,1
44196397,elonmusk,19656991,47,2017-07-02 17:51:55,681,72,456,316,767,71,0
44527648,IAmJericho,3432130,1268,2017-11-18 14:47:47,3159,1883,2500,2067,17,39,1
44578328,Freedland,90824,1167,2017-07-01 20:04:36,2049,887,1563,995,7395,67,1
44688778,swin24,37297,1942,2017-12-21 18:33:38,3112,1772,2140,1664,15211,66,1
45399148,jeneps,71354,1570,2017-07-03 02:40:38,2275,278,970,1143,9,91,1
45564482,NYMag,1734119,871,2018-01-04 15:02:46,3254,409,746,3111,1775,97,1
45840503,CityAM,52097,433,2017-12-15 04:04:05,3190,44,62,3167,36,89,1
46176168,MajorCBS,186722,2686,2017-07-04 12:03:33,2572,1448,2136,1401,1549,113,0
46195370,30for30,293973,1172,2017-07-02 21:42:23,805,237,490,656,1973,107,1
46213956,JamilSmith,142089,1185,2017-08-23 05:05:35,3178,502,1743,2519,146912,117,1
46479416,mikebarnicle,97854,1334,2017-07-01 16:52:04,589,165,317,400,74,92,1
46531626,dashching,4293,1622,2017-07-01 21:09:21,2079,1119,1440,1224,7230,117,0
46959037,RogerHighfield,16943,2610,2017-07-20 07:22:32,3137,936,1660,2516,2269,82,1
47191293,RMac18,19200,2610,2017-10-10 20:59:09,3166,359,1524,1567,12251,57,1
47285504,MarkRuffalo,3797031,1767,2017-11-20 17:18:43,3086,2439,2642,1257,16949,93,1
47423703,nathandaschle,2568,95,2017-07-08 11:21:49,107,59,66,51,427,108,0
47438401,RichardEngel,281346,514,2017-07-05 18:57:47,183,26,85,127,24,117,1
47455112,lrozen,123727,4311,2018-02-02 16:49:43,3171,1995,2592,1084,158,88,1
47475039,sarahkendzior,342260,1599,2017-11-21 16:42:05,3044,1147,2208,1853,87624,116,1
47632905,Jordanfabian,17217,1844,2017-07-02 01:09:33,2371,822,1324,1316,7023,82,1
47739450,ByronYork,241627,1153,2017-07-01 21:17:47,2269,145,435,1949,4,101,1
47747074,brianschatz,97465,1998,2017-07-01 19:53:27,2123,739,874,992,1763,103,1
47837269,tparti,11319,1107,2017-07-03 14:34:08,1496,743,914,835,1658,106,1
48012011,LPDonovan,17398,2630,2017-10-24 20:26:16,3148,418,2271,1531,90856,101,1
48075643,CoralMDavenport,39695,2865,2017-07-02 18:34:34,202,180,191,113,2371,112,0
48144950,JudyWoodruff,70872,903,2017-07-01 16:18:55,674,53,462,420,525,116,1
48497136,Lexus,920042,4639,2017-07-03 12:33:21,1854,35,1523,785,18696,100,1
48797538,paulwaldman1,22711,339,2017-07-01 21:32:23,1324,100,202,1036,58,113,1
49698134,JoyAnnReid,1114020,4844,2018-01-05 03:54:05,3118,1332,1980,1726,12681,77,1
49700792,ByBrianBennett,6608,4718,2017-07-03 18:06:19,568,93,256,492,438,98,1
50004938,NHL,6180051,1654,2017-12-22 05:20:06,2915,363,2190,2670,2807,79,1
50127907,ezpzmealz,6379,1677,2018-01-25 07:32:08,2918,2887,2896,1298,11751,66,1
50325797,chucktodd,1942415,1800,2017-07-02 10:02:02,1723,888,1237,828,173,114,1
50393960,BillGates,44139168,183,2017-07-03 00:03:00,180,7,64,173,40,113,1
50684256,EdgeofSports,91546,998,2017-10-21 11:06:19,3072,1067,2165,1722,82809,91,1
50769180,IngrahamAngle,2079209,341,2017-07-01 19:22:08,2665,1125,1599,1962,388,90,1
51241574,AP,12385932,7212,2018-01-18 03:29:06,3662,2018,2099,2008,1394,116,1
51462013,lizzieohreally,43962,3042,2017-12-29 15:22:16,3143,814,2352,915,71559,49,1
52070270,SavannahGuthrie,869167,913,2017-07-04 22:33:38,860,206,479,539,10718,45,1
52419540,NBCFirstRead,55055,662,2017-07-02 00:12:23,1158,0,0,1158,0,60,1
52488565,OliverSacks,118700,331,2017-07-10 01:44:05,74,25,39,54,526,112,1
52771126,NYU_DRI,24937,822,2018-02-06 20:36:18,1,0,0,0,281,95,1
55376380,MattGertz,38471,1410,2017-12-01 21:20:56,3175,609,1489,1810,2226,86,1
56413858,FoxBusiness,761311,399,2018-01-29 15:10:53,3189,119,1494,3086,0,82,1
56564230,JCVenter,44073,207,2017-07-04 03:53:43,123,108,111,78,341,94,0
56701775,DavidRutz,7908,976,2017-11-21 20:08:56,3162,1349,1925,2101,2468,78,1
57170795,YahooTV,186308,2260,2017-07-01 16:54:03,2860,39,2016,2786,5100,102,1
57411021,CJR,117001,3002,2017-11-02 12:27:00,3300,1530,1676,2580,1716,88,1
58790021,jewellerylondon,22875,4629,2017-07-03 14:34:03,469,204,314,360,4014,113,1
59159771,KatrinaNation,184634,42510,2017-10-19 02:08:22,3258,2239,2530,1702,99,82,1
59331128,PhilipRucker,197150,4321,2017-08-07 12:08:53,3154,1885,2374,1866,10510,115,1
59624844,cocorocha,1676159,831,2017-07-02 16:31:44,187,50,149,145,4035,107,1
60741791,GTCost,34321,822,2017-12-11 04:44:49,3315,1298,2446,2230,116,111,1
60886384,Kevin_Maguire,148259,133,2017-07-01 16:18:48,2512,58,646,1680,0,108,0
60919240,donnabrazile,659306,3761,2017-07-18 12:59:22,3211,1369,1777,2084,5192,78,1
61016265,DinaPomeranz,25696,4556,2017-12-05 18:53:00,3135,1396,2858,1556,52169,116,1
61127668,pemalevy,14608,1472,2017-07-06 18:04:15,865,382,423,498,865,105,1
61183568,bbclaurak,773498,1433,2017-07-03 09:50:26,2735,718,971,1282,81,95,1
61220477,ppppolls,119708,301,2017-07-03 18:33:10,1033,431,478,688,8828,114,1
61780252,_Penelope,36482,165,2017-07-03 04:11:06,695,515,663,363,957,82,1
62513246,jk_rowling,14077288,556,2017-07-01 16:39:49,1472,868,1155,779,19120,86,1
63004503,mlcalderone,74771,2413,2017-07-03 11:12:09,2114,971,1285,1448,0,107,1
64021068,joesarling,4742,1724,2017-07-01 16:12:10,2785,361,1577,1700,10809,85,0
64498695,MichaelEPorter,154741,81,2017-07-17 16:32:37,53,33,47,40,107,97,1
64869451,MotherJonesFood,5868,485,2017-07-01 16:03:02,1430,536,625,1294,2443,91,1
64916983,joshgerstein,32966,1621,2017-09-22 23:05:17,3165,958,1880,1900,60,103,1
65289126,TheRealStanLee,2887446,922,2017-07-05 18:27:42,128,12,82,119,1450,112,1
66162716,carolynporco,58511,353,2017-07-01 15:55:43,2022,305,978,1208,1432,61,1
66267332,MrDanZak,23402,1287,2017-09-20 23:22:25,3127,274,1195,2116,1712,82,1
66902560,Fibozachi,1017,4661,2017-12-22 08:14:55,2861,2100,2586,1624,23642,117,1
66967746,metpoliceuk,1158641,758,2017-07-01 18:36:51,2862,451,741,2429,1,110,1
67958182,MicahGrimes,22934,3607,2017-10-22 02:50:21,3169,1203,1779,1911,10933,99,0
68746721,fchollet,64079,556,2017-07-01 18:30:36,1350,192,667,617,3961,117,1
68813436,NCISLA,532727,58,2017-07-04 13:18:06,351,104,142,250,1638,87,1
69151690,survivorcbs,565205,148,2017-07-07 02:00:26,500,166,207,355,2032,94,1
69181624,camanpour,2768965,154,2017-07-03 18:18:34,584,93,375,505,6,116,1
69329527,BBCNorthAmerica,261814,816,2017-10-27 14:39:50,3115,716,782,2725,494,57,1
69426451,CaseyNewton,50868,644,2017-12-22 16:28:20,1255,91,1009,390,146904,61,1
69620713,markets,388143,283,2018-01-02 21:25:19,3182,1342,1644,2986,99,91,1
69773058,stephenfhayes,318889,1002,2017-07-02 21:00:16,2165,1399,1588,1421,1274,91,1
70111948,joshgondelman,120127,2801,2018-01-14 07:38:04,3176,479,2994,354,378465,44,1
70511174,Hadas_Gold,53764,1536,2017-07-02 01:53:35,2900,1438,1835,1766,5894,71,1
71023061,CollegeGameDay,2797624,568,2017-07-01 19:38:23,813,252,377,705,584,42,0
71294756,wolfblitzer,1419055,1144,2017-07-18 20:36:22,92,1,58,61,54,109,1
71584155,albamonica,27803,2110,2017-07-06 08:42:41,941,598,670,406,3124,117,1
71626760,HiltonNewsroom,147895,5226,2017-07-02 00:35:05,1488,206,1255,1026,1613,117,1
71627462,JonahNRO,280441,1089,2018-01-11 13:53:51,3151,978,1883,1902,10055,58,1
71643224,conradhackett,156972,800,2017-07-03 08:16:25,1678,277,959,1185,3448,100,1
72198806,SenGillibrand,1132612,507,2017-07-01 17:30:09,896,142,254,600,351,117,1
72423061,mulaney,622519,401,2017-07-02 03:33:03,282,103,185,165,610,91,1
72694909,CrimMinds_CBS,1679549,54,2017-07-05 16:00:04,721,282,417,404,1991,71,1
74051281,cblatts,59376,2509,2017-07-01 21:19:15,2260,986,1510,1294,1051,113,1
74241914,learyreports,10726,55,2017-07-05 21:48:23,1422,475,647,939,12,82,1
74669397,billyeichner,2024453,2183,2017-07-01 17:01:01,2016,846,1375,900,45222,60,1
74820061,Redistrict,97496,847,2017-07-07 16:59:49,669,96,325,401,631,117,1
75357513,mediagazer,52423,4,2017-08-08 04:50:29,3193,0,313,3160,56902,117,1
75797367,dandrezner,104795,996,2018-01-12 01:43:53,3229,1870,2275,1763,15128,72,1
77902742,DwainPrice,17682,492,2017-07-04 03:10:17,1650,198,999,728,157,74,0
78400205,JohnCassidy,53443,1239,2017-07-26 18:22:53,3157,1664,1845,1987,79,74,1
78523300,RealJamesWoods,1259236,4966,2017-09-05 04:47:27,3162,235,469,2896,2116,73,0
78694788,heatherscope,10219,1643,2017-08-07 18:42:42,3074,1655,2237,1604,7564,86,1
78890225,johannhari101,96371,2013,2017-07-01 16:36:22,669,86,330,499,366,116,1
79743108,alexburnsNYT,149044,2946,2017-11-25 18:11:24,3159,1596,2203,1744,20830,94,1
80111587,JeffYoung,28179,791,2017-09-21 18:43:00,3121,1279,2093,1765,0,62,1
81482674,ditzkoff,204595,898,2017-07-18 19:38:39,3137,656,1887,1801,114347,56,1
81998705,amomsimpression,155982,108787,2017-12-13 05:51:06,3013,2268,2422,1517,5937,101,1
82167518,aseitzwald,44472,3090,2017-07-04 10:44:41,2888,1266,1648,1865,7232,90,0
82673602,geoffreyvs,9886,2768,2017-07-27 17:51:27,3165,1163,2066,1684,1995,104,1
83374478,saletan,34701,734,2017-07-01 16:30:19,3009,138,985,2330,4174,116,1
84351228,timberners_lee,272589,491,2017-07-12 11:22:42,54,26,35,41,124,74,1
84653850,BrendanNyhan,63205,6574,2017-12-15 21:01:26,3157,1567,2120,1790,14687,78,1
85006768,janicemin,42184,836,2017-07-03 22:27:28,166,69,97,115,1210,116,1
85131054,jeffzeleny,257469,1673,2017-07-06 07:21:15,755,96,352,351,347,117,1
85874860,bbcapprentice,360716,1773,2017-09-20 14:03:11,1277,490,692,916,2315,70,1
86626845,EricTopol,124392,420,2017-07-01 16:08:53,2023,90,1461,1862,8866,108,1
87271106,BCAppelbaum,87148,856,2017-07-01 19:02:38,2722,911,1572,1586,2100,93,1
87416722,SkyNewsBreak,3128029,3,2017-07-12 14:56:18,3188,1,10,732,0,119,1
87761810,dougmillsnyt,33316,824,2017-07-09 00:34:17,166,33,134,144,5924,117,0
87818409,guardian,7052038,1108,2018-02-06 19:08:04,3193,11,25,3181,153,68,1
88749392,JuddApatow,2291212,958,2018-01-08 06:02:10,3127,2701,2804,1406,22114,95,0
89551657,dodomesticdad,72753,12885,2018-01-10 19:57:24,3373,3254,3306,1915,3404,102,1
89788326,BestBuyBloggers,3450,1715,2017-07-05 04:01:18,115,72,96,76,4631,115,1
89820928,mitchellreports,1608238,1228,2017-10-17 16:50:30,3314,1854,2908,1923,659,116,1
90169053,paulbloomatyale,50322,412,2017-07-01 20:13:16,698,193,576,375,6670,116,1
90552683,RobSchneider,712161,317,2017-07-02 10:54:28,1276,476,844,713,16916,114,1
91127293,Center4Politics,12014,2026,2017-07-03 15:36:03,109,14,30,101,157,85,1
91180720,MaddowBlog,757579,729,2017-07-04 01:43:05,2462,1206,1249,1804,40,95,1
91386979,PeterAlexander,225724,508,2017-07-03 22:28:56,478,38,91,270,1627,117,1
91478624,Forbes,14544930,5680,2017-12-23 08:31:01,3360,40,121,3333,8388,90,1
92079350,mmurraypolitics,89474,420,2017-10-02 19:37:07,3164,2374,2517,1687,3671,115,1
93064016,a1k0n,556,138,2017-07-01 15:53:34,134,4,115,75,1134,116,1
95270375,SherylNYT,13924,1077,2017-07-02 14:46:01,1183,409,837,845,1564,96,1
95518830,CarlosLozadaWP,14576,697,2017-07-02 12:19:22,3024,835,1745,2114,4693,105,1
95652758,JustinSandefur,11193,1891,2017-07-02 08:58:03,1486,392,1068,1049,5408,113,1
97739866,CBS,963614,490,2017-07-02 20:01:31,912,335,573,727,1889,116,1
98992586,jimmy_dore,112159,1110,2017-07-01 17:58:13,2521,955,2005,1633,50010,102,1
99786592,JazzShaw,14119,1361,2017-12-10 18:52:27,3192,60,1400,1873,149,80,1
99966080,JonWalkerDC,1944,634,2017-08-31 21:36:45,3182,1388,2161,1496,176,117,1
102278432,m_clem,32662,3747,2017-07-26 14:13:09,3216,1693,2474,1950,24597,111,1
102480261,NBCNewsPR,42034,1015,2017-07-07 14:13:20,3048,2343,3016,1530,5289,116,1
102594136,oneunderscore__,18428,3140,2017-09-28 21:32:12,3159,1497,2271,1938,34375,94,0
104299137,DavidMDrucker,38841,2496,2017-12-13 22:34:02,3107,929,1664,1932,11554,54,1
105161933,DerinCag,51324,9839,2017-10-28 13:13:53,3038,245,838,2757,19391,88,1
106514937,benpershing,10934,4582,2017-11-16 01:18:35,3172,1537,1918,1873,3647,75,1
106516018,LATpoliticsCA,19477,184,2017-07-01 22:56:06,2161,169,218,2074,37,88,1
106542042,Edwin_D_Rios,2810,1992,2017-07-02 15:09:38,615,156,321,451,4222,98,1
107120201,MSNBCPR,6754,555,2017-07-05 16:26:12,558,315,548,420,34,112,1
107225267,sapinker,384057,41,2017-07-01 16:16:27,763,30,97,723,5,102,1
108710418,CarolLeonnig,21452,825,2017-07-01 16:09:16,1148,425,746,875,924,104,1
109025212,JohnDingell,219426,2663,2017-07-03 02:18:18,472,145,209,175,2698,50,1
110326494,BreeNewsome,183724,1621,2017-08-26 13:31:39,2869,770,888,1788,17957,117,1
110371258,amyjharris,2033,962,2017-07-06 20:09:48,632,291,420,431,2085,78,1
110445334,megynkelly,2435910,1474,2017-07-05 22:54:30,169,42,100,118,21,114,0
110458336,CNNent,484707,1247,2017-07-12 06:42:05,3124,177,777,3102,133,92,1
110520327,asymco,59513,305,2017-10-03 20:43:06,3159,859,2746,1292,239,80,1
110812501,icicorg,11632,1761,2017-07-03 13:50:12,315,57,188,271,523,112,1
110940771,mamato3blessing,17547,7546,2017-07-24 23:11:43,2989,2721,2769,1936,593,97,1
111023411,michellemanafy,2666,483,2017-07-01 20:29:42,2607,404,1493,2224,5815,99,1
112047805,brithume,839406,647,2017-07-01 22:01:08,2443,558,1330,1690,463,94,0
114670081,rebleber,18270,622,2017-11-15 03:40:32,271,68,152,184,2228,110,1
114685387,DavidRoads,2095514,41817,2017-11-16 09:08:05,3190,668,668,1120,2479,65,1
114782468,carlquintanilla,154262,4396,2017-12-06 16:34:50,3061,1167,2493,1669,713,57,1
114887629,LisaMascaro,7175,1581,2017-07-03 19:54:41,2919,935,1282,1774,958,95,1
115485051,ConanOBrien,28200917,1,2017-07-01 18:50:07,292,2,40,100,0,94,1
115710058,NPRinskeep,211275,2069,2017-07-01 19:47:37,2413,695,1414,1763,4471,111,1
115718513,damianpaletta,14279,1214,2017-07-02 05:16:00,1131,569,601,657,48,115,1
116994659,SamHarrisOrg,1006023,237,2017-07-01 16:48:09,728,387,528,514,0,88,1
117833629,djtweets,2870,1200,2017-07-03 14:32:26,674,381,478,447,5004,54,1
118130765,dylanlscott,25857,1710,2017-11-29 15:36:41,3163,703,1756,1252,29239,62,1
119541204,visit_dallas,40859,1525,2017-07-01 16:00:17,559,59,319,481,4091,81,1
119837703,ChuckRossDC,24144,270,2017-11-12 01:07:15,3176,710,1464,2109,8489,97,1
120181944,ClimateDesk,127439,858,2017-07-03 13:50:05,1318,387,402,1155,101,66,1
120236641,MhairiBlack,120689,2713,2017-07-01 16:26:24,524,488,499,164,3949,117,1
123417995,ESPNNFL,2480571,2305,2017-07-03 13:55:24,1846,748,907,1419,2309,73,1
124690469,yanisvaroufakis,934199,256,2017-07-02 08:24:45,1053,639,722,697,30,92,1
125375423,SeanTrende,31192,512,2017-09-10 18:08:43,3171,600,2557,1447,19712,105,0
126722715,abbydphillip,72794,2849,2017-07-03 16:11:35,2687,1382,1589,1379,5750,95,0
126755086,lukerosiak,28933,424,2017-07-05 14:07:30,850,282,404,597,424,117,1
130617778,KeithOlbermann,1157934,797,2017-09-29 03:21:32,3185,101,852,2890,12,111,0
130684893,AndrewCMcCarthy,69415,1029,2017-07-02 22:52:40,1723,358,1225,1190,28,96,1
133110529,DadBoner,137472,215,2017-07-02 05:57:49,353,0,0,81,0,116,0
133321299,Amscreen,7496,2433,2017-07-04 05:13:58,271,121,242,197,437,116,1
134665872,parislemon,3758,1,2017-07-02 21:51:32,170,0,2,170,176,32,1
135634594,juliachanb,4220,1996,2017-07-01 16:54:32,1670,623,970,1107,15419,64,1
136004952,afneil,768809,299,2017-08-15 10:18:07,3249,2054,2080,2280,78,101,0
136361303,voguemagazine,13652951,526,2018-01-09 20:06:18,3357,26,741,3351,5869,84,1
136550204,scottwongDC,25750,2989,2017-11-25 01:43:21,3168,1747,2167,1748,2271,84,1
137255482,Aligarciaherrer,4366,1375,2017-07-01 16:26:05,816,203,453,709,125,96,1
137512415,micahcohen,40752,1145,2017-07-23 13:41:53,719,41,362,479,978,88,1
139162440,pattonoswalt,4410736,2925,2017-08-26 22:35:26,3207,1400,1772,2148,23028,60,1
139738464,mj_lee,39758,1102,2017-07-03 02:08:45,1760,546,798,904,3941,106,1
140286364,nielslesniewski,28398,2472,2017-10-03 21:36:26,3152,1220,1643,1485,3074,77,1
141664648,JohnCena,10982978,2497,2017-07-01 17:13:36,252,27,148,173,6,114,1
142614009,bbcweather,388890,34,2017-11-24 20:43:07,3056,471,616,2840,138,109,1
143227787,BobsBurgersFOX,213322,539,2017-07-01 18:00:05,638,113,501,228,13217,50,1
146592524,lifesouthernmom,31007,4907,2017-11-06 16:21:06,2971,1916,2008,2162,19169,112,1
149913262,iowahawkblog,188008,499,2017-09-27 12:48:51,3204,160,1249,1554,8548,78,1
150078976,ChrisMurphyCT,636391,178,2017-07-01 21:37:10,1652,240,469,1145,881,117,1
150281740,SethAMandel,46162,673,2018-01-15 21:13:18,3176,662,2214,1374,36012,60,1
150384598,kylepope,4148,781,2017-07-02 01:16:19,708,422,542,496,193,81,1
158334874,simonsugar,39965,592,2017-07-04 05:13:26,191,101,151,122,637,82,1
158414847,TheDailyShow,7417916,400,2017-07-01 17:00:05,1801,205,798,1664,292,93,1
160926944,Lord_Sugar,5453610,2146,2017-07-01 21:19:43,2216,724,1224,1540,144,87,0
161163311,EsotericCD,35689,345,2017-12-20 21:47:35,3206,442,2157,1703,43745,112,1
163995093,AlexNBCNews,24693,1499,2017-07-02 13:11:05,2478,744,946,1192,767,99,1
164397041,justinjm1,45019,2270,2017-10-05 15:49:03,3162,1352,1765,1800,11339,76,0
165944767,ashleyfeinberg,119676,994,2017-11-15 04:23:39,3147,388,1373,1575,26885,44,1
166741504,Y2J_Jessica,1267,354,2017-07-01 16:27:34,1907,827,1861,838,423,88,0
168295477,DLeonhardt,110451,1632,2017-07-11 01:24:17,1465,698,1076,746,3472,93,1
171606833,LindaFrum,10501,939,2017-07-01 16:41:47,2071,1423,1665,1026,6038,92,1
172858784,timkaine,918150,763,2017-07-01 16:39:26,915,121,292,582,374,117,1
174110843,jonlovett,521176,1209,2017-11-08 02:03:31,946,387,642,432,5672,75,1
177101260,Rainmaker1973,33658,243,2018-01-19 14:34:06,3050,1263,1785,2174,1900,112,1
177249094,TheTalkCBS,524850,530,2017-07-10 17:04:46,2394,625,1393,1532,22190,116,1
180107694,kaitlancollins,55477,441,2017-07-01 16:21:03,2160,325,502,1180,28,116,0
180289119,davidfilipov,8041,655,2017-07-01 15:58:35,2020,142,1285,1029,2175,86,1
180779476,LondonFire,200065,1705,2017-10-16 18:20:10,3141,366,885,2767,3104,117,1
182130371,Rick_OntheRocks,57120,49820,2017-09-01 16:10:20,2836,2303,2702,1720,4191,106,1
182398325,JonLemire,27894,1407,2017-07-02 15:16:37,2977,993,1275,2133,3543,108,1
183749519,paulg,1063207,322,2017-07-01 17:24:58,902,177,545,306,4575,99,1
183807416,mausekindmom,15336,7428,2017-10-05 01:13:56,2975,2858,2924,2032,3444,116,1
184814522,LisaARossi,1886,1702,2017-07-06 14:21:09,365,117,239,205,2708,107,1
184860130,TimAlberta,25206,887,2017-07-02 16:29:17,1444,489,807,848,1416,101,0
185306056,MichaelLCrick,166795,901,2017-07-02 15:05:52,710,120,299,409,77,115,0
186154646,Cmdr_Hadfield,2382113,130,2017-07-01 19:13:03,1060,135,623,695,7471,77,1
187289134,selectedwisdom,112353,732,2017-07-01 22:56:30,2287,1421,1728,1324,4080,101,1
188857501,alexis_levinson,27737,1932,2017-07-01 17:10:29,1892,834,1054,1082,3273,100,0
191644898,alexandrianeas,2040,1259,2017-07-05 13:37:47,1685,504,1035,899,7055,64,1
192824559,petersterne,10285,2662,2017-11-06 21:54:57,3131,1758,2836,1389,80881,95,1
194697604,MichaelSLinden,19185,501,2017-08-31 22:19:15,3130,1044,1831,1825,1437,117,1
196259623,acb0t,1000,279,2017-07-01 18:30:12,386,83,317,195,3407,94,1
197176970,nathanTbernard,9047,778,2017-08-15 22:43:34,3082,1154,2999,1127,18283,57,0
199551313,pennywisemama,87022,58217,2017-12-18 18:02:10,3020,2905,2934,1417,904,91,1
202790178,Michael_Nutter,145482,485,2017-07-06 22:49:18,170,79,151,75,27,117,1
204389728,elenka29,33036,16714,2017-10-17 22:13:39,2929,2486,2647,1949,1530,76,1
205392468,FaceTheNation,469622,446,2017-07-02 02:01:37,2899,23,1162,2227,233,105,1
205864193,hardball,332560,590,2017-11-28 00:07:00,3152,1117,2222,1998,376,116,1
208019751,ClarenceHouse,736106,342,2017-07-01 16:32:45,702,144,358,570,709,117,1
211643692,AmyJBrittain,8500,611,2017-07-03 00:59:43,637,89,293,532,853,114,1
212340948,PeasandBananas,30997,29336,2017-10-11 15:35:05,3070,1364,1616,2675,12841,33,1
212674482,PaulaReidCBS,17734,2122,2017-07-01 22:28:23,532,207,333,341,4236,117,1
214120461,ryanlcooper,28362,1812,2017-11-05 18:14:37,3174,753,2053,1649,37861,86,1
214537859,NBAAllStar,576163,178,2017-08-23 15:01:10,620,228,453,511,12,96,1
215694545,bkesling,15680,2789,2017-07-01 16:15:09,1454,379,624,1053,1534,83,1
215952307,JKCorden,10217003,2182,2017-07-02 22:47:22,517,287,358,389,124,51,0
216776631,BernieSanders,8842491,1526,2017-07-03 15:01:01,228,108,128,118,967,117,1
217727822,rgmcdermott,2312,1918,2017-08-30 21:57:49,3093,1131,2861,2154,12447,93,1
218276360,mattfleg,14482,775,2017-07-06 12:10:42,180,22,99,121,3889,99,0
218325695,Bencjacobs,154954,1079,2017-12-20 23:55:00,3144,2083,2505,1267,2,67,1
218347440,chrisdonovan,19873,1654,2017-07-02 01:19:34,2717,604,848,2030,201,116,0
218975278,JRubinBlogger,146866,637,2017-12-14 19:15:18,3190,291,1795,1693,19853,103,1
222204014,skoczela,4471,1073,2017-08-24 03:35:26,3155,477,1635,2094,2129,66,1
225265639,ddale8,304439,901,2017-11-27 13:52:22,3182,915,1719,1802,17959,116,0
225612870,SethHanlon,16994,1472,2017-11-19 04:21:56,3066,1536,2214,1756,1590,116,1
226320142,JamesMartinSJ,176015,269,2017-08-17 20:37:49,3142,978,1986,1828,15996,111,1
227373977,MarcACaputo,39261,3337,2017-12-27 19:19:23,3110,810,2275,1418,15145,67,0
227682918,BV,110455,217,2018-01-13 09:46:56,3198,101,493,3162,7671,97,1
227790723,RichardRubinDC,23540,497,2017-11-03 02:02:22,3165,292,2038,1322,13296,84,1
227837742,AC360,1199081,157,2017-07-06 00:17:57,1641,134,451,1597,425,114,1
233364902,Atul_Gawande,235515,344,2017-07-02 03:03:10,842,375,590,577,131,115,1
233619397,My3LilKittens,33685,23970,2017-11-06 07:30:05,3060,1006,1260,2252,6507,46,1
235196204,GlennKesslerWP,70008,427,2017-12-31 21:43:38,3147,2531,2668,1534,1400,91,1
236017119,djfroschWSJ,3661,2279,2017-07-02 05:32:53,1543,1351,1417,950,1003,116,0
236026761,DylanByers,86936,4624,2017-07-07 16:13:29,1349,312,602,915,11704,98,1
237637694,GeorgeLakoff,53136,1229,2017-07-01 17:46:38,1126,892,954,479,1890,116,1
237845487,GeorgeTakei,2861760,665,2017-07-01 15:55:07,3098,818,1070,2278,1878,44,1
239857777,Indira_L,22128,4444,2017-09-29 20:03:28,3155,1719,2660,1780,18535,113,1
240848082,LakersTV,55418,71,2017-07-05 21:05:36,383,0,36,383,14,29,1
241709263,economistmeg,47420,666,2017-07-01 17:30:15,744,275,489,429,945,72,1
242555999,SenWhitehouse,232569,1667,2017-07-03 01:30:34,2205,321,967,1758,68,117,1
244655353,davidaxelrod,1032177,565,2017-07-01 17:39:51,1589,135,874,1163,88,117,0
245572815,Mr_Berman,3513,983,2017-07-28 05:23:07,3176,1032,1537,1951,2633,77,1
245877295,mc_fischer,731,676,2017-07-20 17:17:35,50,5,32,38,303,116,1
246939630,shannonrwatts,126309,4926,2018-01-06 14:20:05,3203,2061,2614,1489,95744,116,1
247723476,DRUDGE,570182,0,2018-02-15 23:56:50,1,0,0,0,0,39,0
248950731,LifeofDadShow,23332,2820,2017-07-03 14:59:05,2872,609,2013,860,25804,86,1
250386727,Everytown,137836,8168,2017-07-01 21:18:05,1827,517,786,1416,41949,116,1
252756147,teenybod,12548,7790,2017-10-02 02:35:07,2961,2232,2364,2028,4201,75,1
254152377,SMUMustangAlum,5371,4120,2017-10-02 23:51:04,3083,1219,1448,2556,11445,87,1
259725229,ValaAfshar,257797,360,2018-01-12 21:01:54,2909,1219,1447,2033,13,110,1
262223982,greenfield64,51239,530,2017-07-02 16:40:41,1155,4,23,907,150,107,1
263929876,phillyluke,2813,1030,2017-07-07 14:12:44,11,2,8,5,2237,54,0
271452947,rodrikdani,90140,406,2017-07-01 16:04:49,2092,1596,1716,1181,965,91,1
274294204,willsommer,24133,2653,2017-08-15 20:45:15,3170,481,1856,1788,10241,78,1
275686563,verge,2412605,140,2017-12-12 20:27:03,3209,113,187,3155,1781,90,1
278175882,leximccammond,6292,994,2017-07-01 17:08:12,1571,835,1174,936,7180,100,1
278682576,thesecret,382619,334,2017-07-01 17:30:05,1842,25,32,424,5552,101,1
279036722,jasonfurman,17888,862,2017-07-03 17:51:55,1064,156,661,754,529,117,1
280131726,SavvySavingCoup,42760,32064,2017-11-21 12:16:17,2940,2152,2701,1326,10636,88,1
280745235,gingercasa1,84170,66807,2017-10-14 03:32:54,3058,1420,2062,2318,8806,68,1
282545479,mikiebarb,103045,1569,2017-07-01 16:41:16,2806,2074,2327,1626,12315,81,1
282747242,MarkSKrikorian,19057,319,2017-11-17 03:54:47,3180,882,1681,2128,24,91,1
287413569,RonPaul,653644,183,2017-07-01 15:55:35,1073,29,76,1018,27,68,1
287463584,sjmichaels,1211,799,2017-07-02 15:41:04,354,106,151,281,340,111,1
288363743,matthewjdowd,96670,3630,2018-01-14 21:35:48,2975,1852,2701,1188,5266,86,0
289342771,laurenduca,406110,4488,2017-07-27 12:35:00,2904,495,1464,1202,55553,62,1
290735485,ladyhaja,84666,4707,2017-07-20 17:52:30,3019,505,2065,1453,34494,84,1
293012979,latimespolitics,10184,528,2017-07-02 10:06:07,2722,108,127,2680,101,94,1
293079336,LDN_talk,3447,1165,2017-07-03 10:02:27,402,176,276,303,405,112,1
293314112,DavidWright_CNN,15226,3903,2018-01-09 13:11:54,3116,1414,2386,1737,18319,117,1
295298172,ashleydijon,1571,2916,2017-07-05 14:08:29,895,260,481,520,1023,87,1
295711337,David_J_Bier,5074,356,2017-07-01 22:08:39,2569,878,1303,1853,6106,98,0
297067961,econjared,51653,1438,2017-07-03 06:58:39,585,30,247,478,530,116,1
299798272,NHC_Atlantic,392699,0,2017-07-01 18:36:03,1171,31,88,1125,4,98,1
302971361,BarakRavid,104757,522,2017-11-04 20:53:59,3151,1532,2098,1547,8706,116,0
304909941,Lagarde,453009,10,2017-07-05 15:32:37,183,5,41,172,0,117,1
304932002,davidmackau,41502,1177,2017-11-12 02:24:52,3102,1096,1628,1937,14240,50,1
309282144,anniekarni,56124,1892,2017-07-02 20:02:46,1784,784,1067,1136,5068,69,0
309764903,LitReactor,23867,2276,2017-07-01 17:56:25,1191,520,882,895,2601,92,1
312860399,HJBenjamin,217593,165,2017-07-01 16:06:53,580,245,262,419,2309,49,0
318063815,SebastianThrun,60417,11,2017-07-07 19:42:33,58,24,43,51,23,43,1
325001316,KenDilanianNBC,70337,1826,2017-07-01 16:38:11,2587,1357,1682,1533,600,82,1
325805405,GiveawayBandit,112446,24021,2018-01-09 21:52:29,2832,2538,2743,1309,2742,79,1
326950995,TheNewModernMom,9198,5878,2017-09-08 18:01:33,2924,2035,2277,2100,642,46,1
327577091,JustinWolfers,142168,862,2017-07-02 01:46:15,1501,450,694,981,15199,101,1
327862439,jonathanvswan,95909,4375,2017-09-19 22:05:07,3122,2047,2409,1884,7669,64,1
329809276,AxiosNick,4531,914,2017-07-03 12:36:48,371,135,297,231,220,61,0
334079075,Isikoff,57286,671,2017-07-02 14:19:36,200,16,90,156,205,114,1
337390354,DrLeahTotton,154368,569,2017-07-02 14:50:31,201,79,120,137,5359,114,1
340961193,asentance,15888,1444,2017-07-01 16:49:59,1400,427,1004,969,6,116,1
346197350,justinsink,18890,1242,2017-07-01 19:56:40,1355,436,833,732,4172,78,0
349053733,trevorblee,8292,7523,2017-07-01 16:18:05,2256,739,1196,1941,557,96,1
352515718,VisualCap,33569,3570,2017-07-01 21:36:15,335,8,72,299,909,91,1
372483103,MarkHarrisNYC,85796,1153,2017-10-16 03:31:27,3175,105,1763,1780,21201,116,0
372536101,NatashaBertrand,167034,3216,2017-09-11 11:04:59,3034,1230,1763,1837,17049,116,1
373430724,A_Lusardi,5703,542,2017-07-01 18:20:19,1441,623,854,1144,3403,85,1
373566331,TowCenter,13812,753,2017-07-05 15:13:48,498,238,420,311,1068,112,1
375481345,InspowerMinds,1228228,26,2017-11-21 13:20:04,3120,36,36,6,9,95,1
375662595,EricLiptonNYT,115676,863,2017-08-18 01:07:48,3166,1998,2290,2133,174,108,1
378800745,BetseyStevenson,29899,654,2017-07-06 17:12:56,528,73,202,410,420,116,0
381664207,caitlinnowens,8742,919,2017-07-01 19:21:26,1717,949,1251,783,3358,76,1
382217070,EnnisNYT,4385,792,2017-07-01 18:28:35,768,58,574,671,23,109,1
382685028,SRuhle,214416,867,2017-09-08 19:58:20,3050,953,2309,1845,12480,104,0
387481770,tatanishapw,45652,29063,2018-01-13 02:36:46,2948,2360,2453,1624,37806,87,1
389649116,RorkeDenver,17976,942,2017-07-02 20:37:59,116,20,33,102,2736,112,1
393469195,redsteeze,117945,1679,2018-01-10 02:28:48,3163,935,1918,1815,32,61,1
394724132,TopherSpiro,91200,317,2017-11-15 18:36:32,3119,1163,1832,1727,4770,104,1
395227806,OfficialGFW,10536,576,2017-07-03 08:22:02,565,164,367,458,3264,116,1
398068720,ericross12,1694,1991,2017-07-04 13:45:14,124,13,34,98,198,117,1
398088661,MEPFuller,99186,3906,2017-10-30 14:31:08,3210,622,1580,1582,46658,102,0
401625957,SteveRattner,64176,251,2017-07-01 21:47:38,801,134,246,703,120,100,1
404137465,VeepHBO,201541,1259,2017-07-01 16:02:01,1029,808,989,729,2254,51,1
405769757,WikiGuido,29818,2175,2017-07-01 16:18:15,2029,569,930,1435,2787,93,0
407396556,JDiamond1,51388,1774,2017-07-02 14:33:20,1675,700,995,974,1505,114,1
407464670,APFactCheck,5570,1,2018-01-17 16:02:07,50,2,11,50,0,117,1
409723545,williamvsweeney,86624,53246,2017-12-17 23:50:12,2839,2669,2762,1327,11028,102,1
415601652,social_brains,24173,200,2017-07-09 22:52:02,207,1,48,191,5155,63,1
419733488,nataliemjb,5583,623,2017-07-01 16:52:12,1771,261,892,919,3443,102,1
424385350,APCentralRegion,13632,267,2017-07-19 19:25:53,3171,843,899,2865,135,115,0
426044697,Shteyngart,567625,415,2017-07-01 16:09:09,369,6,43,214,28371,74,1
426802833,AP_Politics,314026,618,2017-11-07 13:42:40,3192,82,387,2881,6,111,1
428151039,vxschmid,12081,1762,2017-07-01 17:00:51,1555,322,859,1227,3303,99,1
430048955,AP_Oddities,191253,12,2017-07-01 16:01:06,1355,3,3,1354,3,108,1
432686670,AJCCenter,7963,1079,2017-07-02 16:02:18,439,187,387,308,1892,116,1
434678605,dataduce,1628,1195,2017-07-01 17:57:00,470,173,312,303,16092,101,1
435497565,SpectrumSN,52779,188,2017-07-02 21:58:48,1984,421,1176,1537,873,106,1
436925910,AlecMacGillis,56722,4879,2017-07-14 14:34:07,3180,1671,2250,1840,4539,116,1
450941680,ThisWeekABC,152232,1159,2017-12-07 00:57:47,3164,466,1005,2800,80,117,1
453422932,PennyPincherJen,14340,5710,2017-12-23 05:46:12,3020,1762,1904,2049,34,47,1
454099919,McFaul,281211,1035,2017-10-18 06:18:15,3222,474,1067,2544,9743,71,1
454119389,BecketAdams,42013,3024,2017-11-16 19:36:19,3188,0,1684,1670,8982,70,1
454313925,NWS,2675227,281,2017-07-01 21:24:02,2620,983,1158,2027,1126,115,1
459872442,RadioFreeTom,129880,1390,2018-01-14 23:33:55,3276,628,2476,1608,30770,79,1
460470940,Sulliview,76576,1714,2017-07-01 18:58:15,2513,1592,2255,1297,12510,74,1
463765807,Nate_Cohn,169418,1059,2017-07-03 01:12:11,1978,478,1242,985,5337,95,1
466519303,NicholsUprising,64958,197,2017-07-01 17:52:02,2865,628,1333,2479,309,117,1
467843369,BethanysStories,2532,2208,2017-07-05 10:43:05,293,49,273,200,2645,111,1
470792609,LissandraVilla,7302,3851,2017-07-11 16:43:57,3117,1090,1378,1653,5191,97,1
473537910,jtuckermartin,4733,994,2017-08-27 20:36:41,3143,1222,2171,1479,23325,74,0
475236609,joininuk,12160,2689,2017-07-02 13:20:10,700,176,369,532,11053,117,1
475988505,GeorgeHWBush,298832,19,2017-07-17 17:00:50,18,0,9,15,0,117,1
476256944,SenFeinstein,891845,222,2017-07-01 17:14:00,1369,63,234,895,1,117,1
479568408,JerylBier,2456,100,2018-01-09 04:37:30,3156,202,2258,1911,2334,74,1
479779850,perfimperfct,18020,7849,2017-12-10 02:45:05,2893,2631,2776,1385,2055,104,1
481655487,juliacarriew,22859,1082,2017-07-02 16:37:44,1094,127,501,451,16381,79,1
485018010,PeterWSJ,7329,60,2017-07-02 17:44:45,387,82,128,239,2569,112,0
486166293,PaigeBlank,1341,1413,2017-07-03 16:31:30,624,479,567,350,2324,111,1
497350323,Alana_Spencer_,53289,881,2017-07-01 17:54:04,551,177,379,269,5976,68,1
500704345,Pontifex,16705529,8,2017-07-02 11:30:02,223,0,1,4,0,114,1
501825960,IrvineWelsh,280903,999,2017-07-01 20:50:31,2132,997,1611,909,27831,82,1
515034648,theskimm,242863,844,2017-07-02 22:42:49,595,3,115,552,65888,83,1
516586981,raisingwhasians,22964,5294,2017-12-15 21:51:27,2715,1093,1678,1656,22164,76,1
519196613,MotivatedLiving,655466,13,2017-11-21 14:35:00,3088,37,37,7,0,95,1
524545961,NickCohen4,83505,1019,2017-09-16 06:48:04,2335,900,1983,917,598,63,1
532690100,JWGOP,54970,9273,2017-12-23 17:03:16,3128,2132,2836,995,26631,68,0
532779460,Yair_Rosenberg,54251,260,2017-08-10 22:37:48,3165,597,1704,2348,17354,117,1
535643852,JordanSchachtel,10219,738,2017-07-01 17:11:17,3090,1167,1524,2078,5,116,1
539665155,lyman_brian,9114,758,2017-11-25 13:48:15,3178,929,1442,1711,5881,116,1
546135718,DouthatNYT,137419,269,2017-07-01 23:04:37,2998,135,1816,1498,44,112,1
556151596,LKrauss1,478781,71,2017-07-01 18:59:37,1573,0,1159,491,594,64,1
564111558,bpolitics,233787,875,2018-01-20 03:19:22,3287,151,195,3203,147,98,1
564173073,LOMBARDI_GLORIA,21987,21596,2017-07-25 11:25:25,3153,812,938,2935,17652,112,1
569238628,BBCMonitoring,38935,329,2017-07-03 14:15:10,2198,264,424,1794,83,117,1
570019372,Itxsciencebro,2464,526,2018-02-06 00:48:03,2726,1741,2004,1620,147900,47,1
573918122,qz,354440,177,2018-01-06 22:00:40,3232,51,97,3211,1050,72,1
577432615,Peter_Wehner,24157,836,2017-07-02 19:10:00,335,1,87,278,21,117,0
581999965,RealDeanCain,845517,920,2017-07-07 14:46:37,2541,691,2230,917,10236,53,0
590316679,AP_Sports,119615,5671,2018-01-13 00:34:03,3105,85,1220,3033,87,94,1
594175899,Mikel_Jollett,147285,684,2017-12-03 15:29:21,3051,1010,2599,1071,98069,75,0
594666501,bgreene,1093680,22,2017-07-03 18:51:52,246,11,39,179,0,117,1
604940737,HeerJeet,163247,893,2017-11-28 20:27:07,3189,87,1781,1794,5024,102,1
606776750,FreedomofPress,269152,90,2017-07-03 02:11:10,655,212,304,527,309,115,1
607534509,USProjectCJR,5550,3346,2017-07-03 23:44:22,1494,1214,1368,1189,435,116,1
610659001,MaxCRoser,118379,594,2017-07-02 07:29:18,1524,506,1052,1070,14353,113,1
611816381,JVLast,8607,223,2017-08-06 18:32:23,3168,837,2226,1697,1585,90,1
627643516,MariannaNBCNews,6569,763,2017-07-10 13:21:30,2268,497,632,1375,1844,117,1
634734888,ParkerMolloy,108737,2062,2018-01-18 01:32:07,3055,700,1846,1899,135752,64,1
635608354,20committee,265445,2081,2017-12-09 01:00:53,3152,621,1614,1836,174113,71,1
637338906,carlreiner,223408,94,2017-07-02 05:32:48,627,11,45,260,684,121,1
705060452,AlanMCole,7512,625,2017-10-20 04:10:44,3173,636,2451,1555,13365,116,1
705706292,rebeccaballhaus,35111,1778,2017-07-01 21:19:54,2167,634,894,1551,1581,117,1
733076671,CorySchouten,2360,3001,2017-07-01 15:53:49,1346,1048,1187,796,4834,98,1
757303975,ChelseaClinton,2167531,543,2017-07-01 16:12:54,2383,1337,1926,1360,8467,106,1
757893380,elianayjohnson,35224,1488,2017-07-05 14:25:20,1840,1194,1434,1104,853,82,1
771152516,RoKhanna,33188,4994,2017-07-02 00:29:23,2612,303,901,1610,3070,117,1
791077327,samswey,116617,1670,2017-12-09 00:07:53,3159,2575,2703,1143,17529,116,1
809523745,socprogress,17640,2435,2017-07-01 20:45:05,362,134,231,241,4502,117,1
833612154,APEntertainment,165984,1084,2017-07-14 17:47:53,3175,111,616,3042,278,93,1
833673914,MichaelGWaltz,26119,7908,2017-07-03 15:51:02,1085,485,797,736,1072,114,1
845743333,JoyceCarolOates,186522,169,2017-12-16 22:56:23,3295,2188,2199,1956,119,107,0
874916178,BeschlossDC,297503,2110,2017-07-01 17:59:51,1362,33,62,1271,4225,87,1
970207298,SenWarren,4189483,261,2017-07-04 16:25:48,717,36,373,465,8,117,1
1020058453,BuzzFeedNews,1172930,4783,2018-01-11 00:35:00,2927,513,623,2521,1595,117,1
1022331446,ComicsTitan,15358,5574,2017-07-01 16:48:41,1777,1063,1555,1252,4006,114,1
1061328990,SVInitiative,10398,4741,2017-07-05 15:08:10,223,50,179,178,2307,110,1
1069811420,StefWKight,1265,624,2017-07-07 11:13:43,1254,571,687,924,482,56,1
1087859256,amitabhchandra2,11151,366,2017-07-01 16:16:52,2715,557,2010,1342,11024,117,0
1111563350,Evan_Hadfield,13650,223,2017-07-01 21:51:39,1206,327,976,420,7271,86,1
1176004076,LucasFoxNews,13901,529,2017-07-02 00:09:32,2479,1364,1414,935,3104,120,1
1209417007,SteveScalise,252201,1727,2017-07-05 14:28:19,540,150,277,389,527,114,1
1240346144,ainecain,1504,1087,2017-07-01 18:03:39,419,254,344,332,10258,86,1
1265726480,FactTank,93587,755,2017-07-07 14:05:13,3160,940,1115,2820,124,108,1
1273559780,GuyInYourMFA,94507,821,2017-07-02 01:14:05,41,1,5,13,5147,100,1
1339835893,HillaryClinton,21628848,771,2017-07-05 20:09:08,173,28,66,121,1163,116,1
1375289149,NewDay,314102,1272,2017-07-03 09:59:08,1886,281,1024,1716,7040,114,1
1383272101,ASlavitt,191834,585,2017-11-03 12:31:20,3046,1063,1875,1541,17377,110,1
1398759560,RobertMaguire_,21922,3955,2017-11-07 21:27:21,3131,1168,1653,2033,6824,100,1
1428659995,BretStephensNYT,103316,504,2017-07-06 03:08:11,359,55,163,334,38,89,1
1449328814,ChuckCBPP,1491,150,2017-07-12 18:56:57,721,310,444,389,525,117,1
1531649809,phiwfu,727,139,2017-08-28 13:55:35,268,127,203,116,239,116,1
1540988420,AriadneLabs,2867,710,2017-07-02 20:54:35,951,668,776,560,3688,113,1
1543986138,stuartpstevens,61092,7439,2017-07-01 23:26:36,2764,644,903,2115,16908,96,1
1557315432,HistoryInPix,1971463,268,2017-11-27 04:55:29,3192,10,10,3192,4382,59,1
1634629316,puiwingtam,12062,310,2017-07-01 17:29:07,635,226,480,454,4654,90,1
1635714516,HotelDarlington,1573,154,2017-07-01 17:10:53,255,125,137,212,116,113,1
1636590253,tim_cook,9923228,56,2017-07-11 04:17:22,98,0,36,76,1088,117,0
1673217121,VicBergerIV,77318,1483,2017-08-04 01:30:26,1097,468,888,720,39100,86,1
1707427058,simon_schama,110272,2063,2017-07-01 17:27:33,2396,781,1169,1479,777,84,0
1924414555,julia_azari,9461,3564,2017-07-11 13:45:56,3177,346,2687,1143,12791,97,1
1963312058,JosephEStiglitz,214710,93,2017-07-03 00:09:34,64,17,25,42,80,95,1
1965420800,NormEisen,125589,2904,2017-09-08 23:15:53,3164,1335,1959,2163,4527,116,0
2163369908,ADashofSanity,5500,1194,2017-12-22 06:21:47,2929,2891,2891,1339,5199,103,1
2167286587,byrdinator,40990,1324,2017-11-01 18:41:52,3148,1735,2265,1302,85829,65,1
2172922045,OnePerfectShot,327519,3026,2018-01-15 19:45:02,3179,108,272,3110,4776,99,1
2205024632,SchoofsFeed,12847,115,2017-07-01 15:56:14,1293,1055,1167,805,1371,107,0
2206052072,DallasDadsGroup,1754,1975,2017-07-04 20:15:16,239,154,215,118,3449,92,1
2220031111,LDN_gov,30694,674,2017-07-02 10:23:12,1877,186,1648,1318,1743,116,1
2220067358,LDN_environment,7546,1206,2017-07-02 12:30:35,527,235,384,381,2929,116,1
2223157392,NormOrnstein,76778,1689,2017-12-07 17:28:00,3186,1729,1861,1935,2498,66,1
2237808535,pwnallthethings,109957,1512,2017-11-23 00:57:54,3155,297,1706,1986,44226,116,0
2244340904,Recode,343393,622,2017-10-12 03:00:02,3180,207,758,3036,2106,97,1
2303751216,FiveThirtyEight,944748,241,2017-11-21 22:20:01,3266,499,535,2990,1699,91,1
2316003960,CR,127820,491,2017-11-02 14:01:11,3074,871,1485,2545,694,80,1
2317939272,thrive,24513,558,2017-07-01 17:10:07,2245,89,587,2213,1648,51,1
2334193741,Comey,753698,18,2017-10-18 22:47:44,57,2,8,45,1,117,0
2334672679,irving_nicholas,13983,1061,2017-07-04 00:01:05,230,46,132,120,6342,116,1
2340558698,538politics,108296,234,2017-07-25 16:47:18,149,57,78,126,53,88,1
2350169221,ellawinthrop,1527,351,2017-07-05 16:15:25,172,35,109,93,576,79,1
2369949012,JoePerticone,14734,487,2017-11-02 19:48:40,3113,1621,1983,1890,5374,74,1
2377724724,LosLakers,25459,176,2017-10-21 02:50:38,2460,245,939,1408,1313,79,1
2381386813,maxwelltani,9361,2339,2017-07-02 14:50:48,2311,915,1459,1537,13595,99,0
2382106993,MollyMcKew,52349,999,2017-09-11 00:22:04,3144,656,1166,2215,3146,115,1
2415053456,CNNTonight,60843,386,2017-07-06 02:13:18,1115,69,280,1092,29,113,1
2424178550,ambertamblyn,93350,103,2017-07-01 17:09:37,1631,515,1052,863,7885,85,1
2432213029,NYTArchives,64880,75,2017-07-01 17:00:26,595,3,5,595,107,110,1
2575323062,erbenson1,534,447,2017-07-06 19:33:39,147,55,101,113,165,110,1
2591748418,scarborough_,5193,164,2017-07-01 16:57:21,474,220,297,378,517,78,1
2734245791,wnigora_nigora,66775,486,2017-07-02 17:24:27,196,65,142,133,3807,76,1
2800581040,BillKristol,305435,2980,2017-07-26 15:02:39,3171,879,1185,2078,0,117,1
2807792942,AeroDork,15282,638,2017-07-01 16:24:05,939,336,523,672,6842,93,1
2831956616,johnharris1969,32415,479,2017-07-02 08:39:34,1668,335,1172,760,5911,53,1
2835886194,colbertlateshow,563579,685,2017-07-13 04:19:44,2896,346,1628,2718,6011,106,1
2922928743,danpfeiffer,410268,2970,2017-08-31 14:16:59,3168,1551,2118,1620,9609,80,0
2933884215,lmhoxford,2355,333,2017-07-03 10:09:30,1251,528,767,903,1836,112,1
2935489123,peterjhasson,17150,1835,2017-12-31 21:50:16,3155,2395,2706,1374,60708,58,1
2936015319,LukeGromen,9271,628,2017-11-25 15:34:20,3186,104,2510,2363,8452,117,1
3024043397,TheGuideLpool,19975,5870,2017-09-25 15:44:10,2363,369,1235,2123,6356,100,1
3075845932,jaynordlinger,21768,802,2017-08-11 06:51:10,3089,22,494,2549,136,88,1
3225602026,DKyriakopoulou,1788,1618,2017-07-03 18:30:36,1347,1201,1299,721,622,117,0
3245142196,googlenewslab,71109,176,2017-07-03 22:07:19,197,90,147,166,1427,111,1
3260518932,TwitterMoments,537082,10,2018-02-06 17:05:13,686,59,257,680,108,110,1
3332084056,pbsmediashift,223,0,2017-07-03 10:27:48,1328,0,0,1328,0,73,1
3413058154,gadfly,28965,44,2017-12-22 09:23:19,3184,159,219,3130,672,93,1
3420477195,FullFrontalSamB,503398,146,2017-07-04 21:42:25,742,56,229,621,1941,92,1
3422063771,Robert___Harris,45861,512,2017-07-02 07:55:12,192,29,72,121,2571,96,1
3608637253,LRCkcrw,3352,57,2017-07-01 19:02:43,316,146,293,165,733,117,1
3815443175,lilybatch,9993,364,2017-07-07 18:32:34,511,126,223,368,208,117,0
3898598357,_youhadonejob1,438275,257,2017-11-15 11:21:37,1023,66,67,1023,263,21,1
3899497877,EuroGuido,17663,39,2017-07-02 10:26:01,1188,400,630,820,53,80,1
4196031009,APWestRegion,14542,312,2017-07-01 17:03:07,2123,53,138,2071,0,116,1
4267082849,APEastRegion,12230,292,2017-07-01 16:52:32,3008,200,486,2896,201,114,1
4356430036,davidcrosss,124431,214,2017-07-01 15:53:30,1256,652,945,599,56218,59,1
4398626122,OpenAI,214805,0,2017-07-17 16:06:17,34,3,7,30,413,101,1
4429709805,ReaganBattalion,53606,1745,2018-01-19 14:39:21,3055,1071,1689,1990,18421,63,1
4517565515,KrangTNelson,162946,1044,2017-09-25 20:51:17,3153,322,2292,1363,47750,71,1
4569690923,resurgent,20935,668,2017-07-17 11:30:58,3166,244,1023,3075,774,68,1
4914384040,TheBabylonBee,82729,25,2017-07-03 14:57:14,878,0,0,877,0,94,1
702854304814796800,eddiefornec,1774,345,2017-10-23 21:43:13,247,79,176,149,263,89,1
706988153782083585,BullCBS,19754,16,2017-07-07 19:06:44,377,119,150,267,804,82,1
731132367058968576,amjoyshow,274509,1666,2017-07-01 15:58:00,2983,319,2035,2692,972,107,1
738080573365702657,robreiner,332055,306,2017-07-02 16:02:38,367,190,195,105,47530,133,0
751454653011951616,TheInterceptBr,81544,143,2017-07-01 17:02:00,2889,226,1068,2466,240,107,1
752743856941125632,startrekcbs,90127,64,2017-07-10 19:24:12,1216,764,872,585,1450,105,1
753623149929869312,OurRevolution,73687,1229,2017-07-01 20:51:40,1867,907,1269,1190,520,117,1
780206406024691712,neal_katyal,38523,314,2017-07-01 19:04:48,2234,982,1446,1179,575,116,1
785543509369622528,bklyner,2701,1478,2017-07-02 13:15:06,1782,180,431,1668,649,101,1
786309892990574592,SteveSchmidtSES,179635,823,2017-07-11 03:33:57,770,12,430,444,65,116,1
790659465951358976,thegoodfight,14567,445,2017-07-08 00:26:01,76,20,38,64,1359,76,1
794301196353703936,SalvationCBS,4779,17,2017-07-03 17:00:01,552,249,353,299,2392,95,0
794539243167215616,Ridic_Rich,13422,399,2017-07-02 07:55:20,914,388,674,505,4506,76,1
799250105572491264,dlacalle_IA,17189,11216,2017-11-13 17:37:54,3016,1135,1855,1972,5307,88,1
800707492346925056,axios,165183,727,2017-12-19 10:50:24,3179,512,682,2910,353,98,1
802333405358735360,StandUpRepublic,43824,127,2017-07-04 19:02:26,397,61,132,335,10,116,1
803694179079458816,SenKamalaHarris,341149,544,2017-07-01 18:15:09,901,82,177,538,368,115,1
806540496537522180,rosskempsell,6193,1509,2017-10-12 08:59:14,588,154,239,308,576,79,0
806862084277407744,ValerieJarrett,59976,400,2017-07-01 21:42:39,1045,432,791,619,1177,106,1
817822089319161857,TakeoutPodcast,2158,527,2017-07-02 01:13:33,320,162,283,177,639,108,1
818910970567344128,VP,5731551,11,2017-07-01 19:44:41,1860,447,1325,1467,5,117,1
818927131883356161,PressSec,2677330,229,2017-07-03 18:01:05,1030,527,796,634,295,107,1
820354372827758592,brhodes,192577,754,2017-07-01 15:54:16,1317,171,241,1039,1149,116,0
830908366377611266,waltshaub,153043,803,2017-10-30 23:42:12,3126,281,2501,1612,11387,108,0
831567731820527618,APHealthScience,5290,151,2017-07-02 10:24:59,689,338,428,579,0,108,1
846354889819279360,thefix,4023,44,2017-07-02 12:58:22,1478,0,2,1478,4,78,1
850096219539914752,swatcbs,15249,31,2017-07-18 20:15:45,755,348,489,482,1124,80,1
850435975213797376,MeMyselfAndICBS,6350,15,2017-07-20 21:57:22,323,142,204,189,827,98,1
860123351154556928,DeadlineWH,16325,127,2017-10-27 21:47:14,734,130,449,620,125,116,1
871758327373582336,MegynTODAY,14692,46,2017-08-07 16:22:55,750,110,362,669,88,99,1
875029068223315968,SallyQYates,493806,48,2017-07-07 14:01:09,16,0,0,9,0,117,0
880801071052062720,JamesHasson20,8538,431,2017-12-21 00:34:02,3175,1083,1793,2076,3812,116,1
884596530577117184,notwokieleaks,28610,1219,2018-01-03 16:43:34,3147,811,1873,1456,8674,112,0
887418059501305858,TheBeatWithAri,48517,499,2017-07-21 23:29:10,2472,624,1688,1847,265,115,1
893214990311845888,jericho_cruise,3940,34,2017-09-14 21:39:51,206,19,161,149,355,108,1
913090649397833728,dailybriefing,7977,166,2017-09-29 21:58:25,216,66,208,146,23,113,1
920838449946681344,AP_Africa,1795,0,2017-10-26 14:02:19,410,37,41,297,7,103,1
